deliveryIndex,timestamp,alpha,beta,evaporationRate,Q,acoLength,acoPath,dijkstraLength,dijkstraPath,ratio
1,5.47,1.00,1.00,0.050,10000,212.74,Y->G->J->O,212.74,Y->G->J->O,1.0000
2,6.06,1.00,1.00,0.050,10000,389.49,Y->G->D->A->B->E->F->J->O,212.74,Y->G->J->O,1.8308
3,6.78,1.00,1.00,0.050,10000,428.46,Y->D->C->F->J->N->Q->U->R->O,212.74,Y->G->J->O,2.0140
4,7.25,1.00,1.00,0.050,10000,306.76,Y->G->S->P->O,212.74,Y->G->J->O,1.4419
5,7.48,1.00,1.00,0.050,10000,332.67,Y->D->A->C->F->J->O,212.74,Y->G->J->O,1.5637
6,8.07,1.00,1.00,0.050,10000,212.74,Y->G->J->O,212.74,Y->G->J->O,1.0000
7,8.29,1.00,1.00,0.050,10000,306.76,Y->G->S->P->O,212.74,Y->G->J->O,1.4419
8,8.72,1.00,1.00,0.050,10000,292.23,Y->D->G->K->P->O,212.74,Y->G->J->O,1.3736
9,8.86,1.00,1.00,0.050,10000,510.23,Y->G->D->A->C->B->E->M->Q->N->J->O,212.74,Y->G->J->O,2.3984
10,9.35,1.00,1.00,0.050,10000,531.69,Y->G->J->N->Q->R->U->W->S->P->O,212.74,Y->G->J->O,2.4992
11,9.48,1.00,1.00,0.050,10000,673.89,Y->G->D->A->C->B->E->N->Q->M->L->I->E->F->J->O,212.74,Y->G->J->O,3.1676
12,9.64,1.00,1.00,0.050,10000,676.86,Y->G->D->C->B->F->E->N->M->L->U->R->Q->R->O,212.74,Y->G->J->O,3.1816
13,10.50,1.00,1.00,0.050,10000,306.76,Y->G->S->P->O,212.74,Y->G->J->O,1.4419
14,11.04,1.00,1.00,0.050,10000,223.74,Y->G->K->P->O,212.74,Y->G->J->O,1.0517
15,11.15,1.00,1.00,0.050,10000,833.13,Y->D->C->A->B->E->N->Q->U->W->S->G->J->O,212.74,Y->G->J->O,3.9161
16,11.42,1.00,1.00,0.050,10000,551.08,Y->G->J->F->C->D->A->B->E->M->Q->R->O,212.74,Y->G->J->O,2.5904
17,11.98,1.00,1.00,0.050,10000,685.07,Y->D->G->J->N->Q->R->U->W->S->T->S->P->O,212.74,Y->G->J->O,3.2202
18,11.99,1.00,1.00,0.050,10000,803.86,Y->G->K->P->S->V->S->T->S->W->U->L->M->Q->R->O,212.74,Y->G->J->O,3.7786
19,12.11,1.00,1.00,0.050,10000,212.74,Y->G->J->O,212.74,Y->G->J->O,1.0000
20,12.67,1.00,1.00,0.050,10000,223.74,Y->G->K->P->O,212.74,Y->G->J->O,1.0517
21,13.12,1.00,1.00,0.050,10000,212.74,Y->G->J->O,212.74,Y->G->J->O,1.0000
22,13.54,1.00,1.00,0.050,10000,484.85,Y->G->S->T->S->V->S->P->O,212.74,Y->G->J->O,2.2791
23,13.76,1.00,1.00,0.050,10000,850.08,Y->D->G->S->W->U->Q->N->E->I->L->M->Q->R->O,212.74,Y->G->J->O,3.9958
24,13.87,1.00,1.00,0.050,10000,294.21,Y->G->D->C->F->J->O,212.74,Y->G->J->O,1.3829
25,13.93,1.00,1.00,0.050,10000,932.37,Y->G->D->C->A->B->E->N->M->L->I->L->H->L->U->P->K->P->O,212.74,Y->G->J->O,4.3826
26,14.31,1.00,1.00,0.050,10000,212.74,Y->G->J->O,212.74,Y->G->J->O,1.0000
27,14.69,1.00,1.00,0.050,10000,956.82,Y->G->K->P->S->T->S->V->S->W->U->Q->M->L->I->E->F->J->N->J->O,212.74,Y->G->J->O,4.4976
28,15.03,1.00,1.00,0.050,10000,562.37,Y->G->D->C->F->B->A->D->C->D->G->J->O,212.74,Y->G->J->O,2.6434
29,15.28,1.00,1.00,0.050,10000,1017.69,Y->G->J->F->E->B->H->L->I->L->U->R->Q->M->N->Q->M->U->P->O,212.74,Y->G->J->O,4.7837
30,16.15,1.00,1.00,0.050,10000,306.76,Y->G->S->P->O,212.74,Y->G->J->O,1.4419
31,16.33,1.00,1.00,0.050,10000,391.65,Y->G->S->T->S->P->O,212.74,Y->G->J->O,1.8410
32,16.43,1.00,1.00,0.050,10000,294.21,Y->G->D->C->F->J->O,212.74,Y->G->J->O,1.3829
33,16.59,1.00,1.00,0.050,10000,591.52,Y->G->D->C->B->A->B->E->I->L->M->N->Q->R->O,212.74,Y->G->J->O,2.7805
34,16.67,1.00,1.00,0.050,10000,659.97,Y->D->C->F->B->E->I->L->U->M->Q->R->O,212.74,Y->G->J->O,3.1022
35,17.13,1.00,1.00,0.050,10000,404.72,Y->D->C->A->B->E->F->J->O,212.74,Y->G->J->O,1.9024
36,17.13,1.00,1.00,0.050,10000,389.49,Y->G->D->A->B->E->F->J->O,212.74,Y->G->J->O,1.8308
37,17.19,1.00,1.00,0.050,10000,650.22,Y->G->D->A->C->B->E->F->J->N->M->U->P->O,212.74,Y->G->J->O,3.0564
38,17.56,1.00,1.00,0.050,10000,1039.72,Y->G->D->C->B->A->D->Y->D->C->F->E->I->L->M->Q->R->U->P->O,212.74,Y->G->J->O,4.8872
39,18.01,1.00,1.00,0.050,10000,771.32,Y->D->C->B->F->E->I->L->H->B->A->D->G->K->P->O,212.74,Y->G->J->O,3.6256
40,18.35,1.00,1.00,0.050,10000,1355.83,Y->G->K->P->S->V->S->T->S->W->U->M->N->J->F->E->B->C->D->A->B->H->L->I->L->M->Q->R->O,212.74,Y->G->J->O,6.3731
41,18.37,1.00,1.00,0.050,10000,620.00,Y->D->C->F->J->N->E->B->A->D->G->K->P->O,212.74,Y->G->J->O,2.9143
42,18.37,1.00,1.00,0.050,10000,535.50,Y->D->G->K->P->S->W->U->R->O,212.74,Y->G->J->O,2.5171
43,18.73,1.00,1.00,0.050,10000,212.74,Y->G->J->O,212.74,Y->G->J->O,1.0000
44,18.77,1.00,1.00,0.050,10000,948.60,Y->G->J->N->E->F->C->B->A->D->A->C->B->H->L->M->U->Q->R->O,212.74,Y->G->J->O,4.4589
45,18.80,1.00,1.00,0.050,10000,1139.86,Y->G->D->C->F->E->I->L->H->B->A->C->A->C->A->C->A->C->A->B->A->B->E->M->Q->R->O,212.74,Y->G->J->O,5.3579
46,18.81,1.00,1.00,0.050,10000,1030.83,Y->D->C->F->B->E->N->M->L->U->R->Q->U->W->S->P->K->G->J->O,212.74,Y->G->J->O,4.8454
47,18.85,1.00,1.00,0.050,10000,340.49,Y->G->D->A->C->F->J->O,212.74,Y->G->J->O,1.6005
48,18.92,1.00,1.00,0.050,10000,612.77,Y->G->D->C->B->E->I->L->H->L->M->Q->N->J->O,212.74,Y->G->J->O,2.8803
49,18.97,1.00,1.00,0.050,10000,919.42,Y->D->G->J->F->B->A->C->A->C->D->C->F->E->N->M->U->R->Q->R->O,212.74,Y->G->J->O,4.3218
50,19.18,1.00,1.00,0.050,10000,1024.25,Y->G->K->P->S->V->S->T->S->W->U->Q->M->L->H->B->E->N->J->O,212.74,Y->G->J->O,4.8145
51,19.24,1.00,1.00,0.050,10000,400.34,Y->D->C->F->J->G->K->P->O,212.74,Y->G->J->O,1.8818
52,19.26,1.00,1.00,0.050,10000,824.06,Y->D->C->A->B->H->L->I->E->N->Q->U->M->Q->R->O,212.74,Y->G->J->O,3.8735
53,19.32,1.00,1.00,0.050,10000,1099.91,Y->D->A->C->B->E->F->J->G->S->W->U->Q->N->M->L->I->E->N->J->O,212.74,Y->G->J->O,5.1702
54,20.53,1.00,1.00,0.050,10000,223.74,Y->G->K->P->O,212.74,Y->G->J->O,1.0517
55,20.85,1.00,1.00,0.050,10000,855.08,Y->G->K->P->S->T->S->W->U->M->L->I->E->N->Q->R->O,212.74,Y->G->J->O,4.0193
56,20.85,1.00,1.00,0.050,10000,563.32,Y->G->J->F->C->A->B->E->M->U->R->O,212.74,Y->G->J->O,2.6479
57,20.94,1.00,1.00,0.050,10000,587.85,Y->G->J->N->Q->U->W->S->P->K->P->O,212.74,Y->G->J->O,2.7632
58,20.96,1.00,1.00,0.050,10000,389.96,Y->G->D->C->A->B->F->J->O,212.74,Y->G->J->O,1.8330
59,21.12,1.00,1.00,0.050,10000,223.74,Y->G->K->P->O,212.74,Y->G->J->O,1.0517
60,21.31,1.00,1.00,0.050,10000,1305.95,Y->G->K->P->S->T->S->V->S->W->U->Q->M->N->J->F->C->B->H->L->I->E->I->E->N->Q->R->O,212.74,Y->G->J->O,6.1386
61,21.52,1.00,1.00,0.050,10000,583.63,Y->G->K->P->S->T->S->W->U->Q->R->O,212.74,Y->G->J->O,2.7434
62,21.54,1.00,1.00,0.050,10000,1193.15,Y->G->J->N->E->I->L->H->B->F->C->A->D->A->D->Y->D->G->K->P->O,212.74,Y->G->J->O,5.6084
63,21.87,1.00,1.00,0.050,10000,850.11,Y->G->J->F->C->B->H->L->I->E->N->Q->M->U->P->O,212.74,Y->G->J->O,3.9959
64,21.94,1.00,1.00,0.050,10000,223.74,Y->G->K->P->O,212.74,Y->G->J->O,1.0517
65,21.96,1.00,1.00,0.050,10000,212.74,Y->G->J->O,212.74,Y->G->J->O,1.0000
66,22.08,1.00,1.00,0.050,10000,829.75,Y->G->D->A->C->F->E->I->L->H->B->A->B->E->N->Q->R->O,212.74,Y->G->J->O,3.9002
67,22.33,1.00,1.00,0.050,10000,340.49,Y->G->D->A->C->F->J->O,212.74,Y->G->J->O,1.6005
68,22.35,1.00,1.00,0.050,10000,508.69,Y->D->C->B->F->E->M->Q->N->J->O,212.74,Y->G->J->O,2.3911
69,22.42,1.00,1.00,0.050,10000,436.28,Y->G->D->C->F->J->N->Q->U->R->O,212.74,Y->G->J->O,2.0507
70,22.42,1.00,1.00,0.050,10000,335.25,Y->G->J->N->M->Q->R->O,212.74,Y->G->J->O,1.5758
71,22.78,1.00,1.00,0.050,10000,306.76,Y->G->S->P->O,212.74,Y->G->J->O,1.4419
72,22.83,1.00,1.00,0.050,10000,1241.75,Y->G->K->P->S->W->U->M->E->F->B->A->C->D->A->B->H->L->I->E->N->Q->R->O,212.74,Y->G->J->O,5.8368
73,23.14,1.00,1.00,0.050,10000,673.84,Y->G->D->C->F->B->E->I->L->H->L->M->Q->U->R->O,212.74,Y->G->J->O,3.1674
74,23.31,1.00,1.00,0.050,10000,818.98,Y->D->G->K->P->S->V->S->T->S->W->U->R->Q->N->J->O,212.74,Y->G->J->O,3.8496
75,24.05,1.00,1.00,0.050,10000,700.54,Y->D->C->A->B->E->I->L->U->W->S->P->O,212.74,Y->G->J->O,3.2929
76,24.07,1.00,1.00,0.050,10000,1460.33,Y->G->J->F->B->E->N->M->L->H->B->C->D->A->B->H->L->I->E->B->A->D->Y->G->K->P->O,212.74,Y->G->J->O,6.8643
77,24.19,1.00,1.00,0.050,10000,717.06,Y->G->J->N->Q->M->L->H->B->A->C->D->G->K->P->O,212.74,Y->G->J->O,3.3706
78,24.23,1.00,1.00,0.050,10000,606.73,Y->G->K->P->S->W->U->R->Q->M->N->J->O,212.74,Y->G->J->O,2.8519
79,24.27,1.00,1.00,0.050,10000,531.69,Y->G->J->N->Q->R->U->W->S->P->O,212.74,Y->G->J->O,2.4992
80,24.39,1.00,1.00,0.050,10000,212.74,Y->G->J->O,212.74,Y->G->J->O,1.0000
81,24.58,1.00,1.00,0.050,10000,391.65,Y->G->S->T->S->P->O,212.74,Y->G->J->O,1.8410
82,24.74,1.00,1.00,0.050,10000,223.74,Y->G->K->P->O,212.74,Y->G->J->O,1.0517
83,24.83,1.00,1.00,0.050,10000,212.74,Y->G->J->O,212.74,Y->G->J->O,1.0000
84,25.12,1.00,1.00,0.050,10000,1213.29,Y->G->D->C->B->E->N->Q->R->U->P->K->P->S->T->S->W->U->M->L->I->E->F->J->O,212.74,Y->G->J->O,5.7031
85,25.15,1.00,1.00,0.050,10000,223.74,Y->G->K->P->O,212.74,Y->G->J->O,1.0517
86,25.71,1.00,1.00,0.050,10000,801.17,Y->D->C->B->E->F->J->N->Q->M->L->I->L->H->L->U->R->O,212.74,Y->G->J->O,3.7659
87,26.01,1.00,1.00,0.050,10000,212.74,Y->G->J->O,212.74,Y->G->J->O,1.0000
88,26.35,1.00,1.00,0.050,10000,1426.00,Y->G->K->P->S->T->S->W->U->R->Q->N->M->L->H->B->A->D->C->F->E->I->L->M->U->Q->M->Q->M->Q->R->O,212.74,Y->G->J->O,6.7029
89,26.40,1.00,1.00,0.050,10000,715.33,Y->G->D->A->B->E->N->M->L->H->L->I->E->F->J->O,212.74,Y->G->J->O,3.3624
90,26.53,1.00,1.00,0.050,10000,223.74,Y->G->K->P->O,212.74,Y->G->J->O,1.0517
91,26.68,1.00,1.00,0.050,10000,773.19,Y->G->J->N->E->F->B->H->L->I->E->M->Q->R->O,212.74,Y->G->J->O,3.6344
92,26.84,1.00,1.00,0.050,10000,710.69,Y->D->C->F->J->N->M->L->I->E->B->A->D->G->K->P->O,212.74,Y->G->J->O,3.3406
93,27.10,1.00,1.00,0.050,10000,503.18,Y->D->C->F->E->I->L->M->N->Q->R->O,212.74,Y->G->J->O,2.3652
94,27.18,1.00,1.00,0.050,10000,359.09,Y->D->A->B->F->J->O,212.74,Y->G->J->O,1.6879
95,27.24,1.00,1.00,0.050,10000,212.74,Y->G->J->O,212.74,Y->G->J->O,1.0000
96,27.35,1.00,1.00,0.050,10000,551.91,Y->G->K->P->S->T->S->W->U->R->O,212.74,Y->G->J->O,2.5943
97,27.38,1.00,1.00,0.050,10000,475.91,Y->G->D->C->F->B->E->N->Q->R->O,212.74,Y->G->J->O,2.2370
98,27.64,1.00,1.00,0.050,10000,212.74,Y->G->J->O,212.74,Y->G->J->O,1.0000
99,27.83,1.00,1.00,0.050,10000,1071.99,Y->G->K->P->S->T->S->W->U->M->Q->N->E->I->L->H->B->C->F->J->O,212.74,Y->G->J->O,5.0389
100,27.83,1.00,1.00,0.050,10000,212.74,Y->G->J->O,212.74,Y->G->J->O,1.0000
101,27.87,1.00,1.00,0.050,10000,708.06,Y->G->D->A->C->B->H->L->I->E->N->M->Q->R->O,212.74,Y->G->J->O,3.3282
102,27.94,1.00,1.00,0.050,10000,1131.79,Y->G->K->P->S->T->S->V->S->W->U->R->Q->M->E->F->C->B->A->D->G->J->N->J->O,212.74,Y->G->J->O,5.3200
103,28.08,1.00,1.00,0.050,10000,354.81,Y->G->J->N->Q->U->R->O,212.74,Y->G->J->O,1.6678
104,28.15,1.00,1.00,0.050,10000,223.74,Y->G->K->P->O,212.74,Y->G->J->O,1.0517
105,28.18,1.00,1.00,0.050,10000,520.42,Y->G->D->C->B->E->I->L->M->Q->N->J->O,212.74,Y->G->J->O,2.4462
106,28.26,1.00,1.00,0.050,10000,724.50,Y->D->A->C->B->F->E->M->L->U->R->Q->N->J->O,212.74,Y->G->J->O,3.4055
107,28.44,1.00,1.00,0.050,10000,648.56,Y->G->J->F->E->B->H->L->I->L->M->Q->R->O,212.74,Y->G->J->O,3.0486
108,28.62,1.00,1.00,0.050,10000,866.77,Y->G->D->A->B->E->F->C->D->C->B->H->L->I->L->M->Q->N->J->O,212.74,Y->G->J->O,4.0743
109,29.17,1.00,1.00,0.050,10000,223.74,Y->G->K->P->O,212.74,Y->G->J->O,1.0517
110,29.17,1.00,1.00,0.050,10000,1030.18,Y->G->J->F->E->N->M->L->I->L->H->B->A->D->C->B->F->E->N->Q->R->O,212.74,Y->G->J->O,4.8424
111,29.37,1.00,1.00,0.050,10000,223.74,Y->G->K->P->O,212.74,Y->G->J->O,1.0517
112,29.74,1.00,1.00,0.050,10000,681.53,Y->G->D->C->F->J->N->E->B->H->L->M->Q->R->O,212.74,Y->G->J->O,3.2036
113,29.80,1.00,1.00,0.050,10000,223.74,Y->G->K->P->O,212.74,Y->G->J->O,1.0517
114,29.98,1.00,1.00,0.050,10000,223.74,Y->G->K->P->O,212.74,Y->G->J->O,1.0517
115,30.00,1.00,1.00,0.050,10000,467.02,Y->G->K->P->S->W->U->R->O,212.74,Y->G->J->O,2.1952
116,30.02,1.00,1.00,0.050,10000,448.11,Y->G->J->F->E->M->Q->N->J->O,212.74,Y->G->J->O,2.1064
117,30.18,1.00,1.00,0.050,10000,223.74,Y->G->K->P->O,212.74,Y->G->J->O,1.0517
118,30.33,1.00,1.00,0.050,10000,281.23,Y->D->G->J->O,212.74,Y->G->J->O,1.3219
119,30.39,1.00,1.00,0.050,10000,1139.27,Y->G->K->P->S->V->S->W->U->R->Q->N->M->L->I->E->B->H->L->I->E->F->J->O,212.74,Y->G->J->O,5.3552
120,30.79,1.00,1.00,0.050,10000,223.74,Y->G->K->P->O,212.74,Y->G->J->O,1.0517
121,31.19,1.00,1.00,0.050,10000,645.11,Y->G->K->P->S->V->S->T->S->W->U->R->O,212.74,Y->G->J->O,3.0324
122,31.46,1.00,1.00,0.050,10000,212.74,Y->G->J->O,212.74,Y->G->J->O,1.0000
123,31.58,1.00,1.00,0.050,10000,1915.31,Y->G->D->A->B->F->J->N->Q->R->U->M->L->H->B->C->F->E->I->L->M->E->I->L->H->L->I->L->H->B->F->C->D->Y->G->K->P->O,212.74,Y->G->J->O,9.0029
124,31.79,1.00,1.00,0.050,10000,223.74,Y->G->K->P->O,212.74,Y->G->J->O,1.0517
125,31.97,1.00,1.00,0.050,10000,223.74,Y->G->K->P->O,212.74,Y->G->J->O,1.0517
126,32.08,1.00,1.00,0.050,10000,292.23,Y->D->G->K->P->O,212.74,Y->G->J->O,1.3736
127,32.17,1.00,1.00,0.050,10000,507.60,Y->D->C->F->E->B->A->D->G->J->O,212.74,Y->G->J->O,2.3860
128,32.22,1.00,1.00,0.050,10000,598.99,Y->D->A->C->F->B->E->M->N->Q->U->R->O,212.74,Y->G->J->O,2.8156
129,32.44,1.00,1.00,0.050,10000,1908.11,Y->G->J->F->E->I->L->U->R->Q->M->N->Q->M->L->H->B->C->A->D->Y->G->K->P->S->T->S->V->S->W->U->M->Q->M->Q->N->J->O,212.74,Y->G->J->O,8.9691
130,32.79,1.00,1.00,0.050,10000,223.74,Y->G->K->P->O,212.74,Y->G->J->O,1.0517
131,33.00,1.00,1.00,0.050,10000,223.74,Y->G->K->P->O,212.74,Y->G->J->O,1.0517
132,33.05,1.00,1.00,0.050,10000,212.74,Y->G->J->O,212.74,Y->G->J->O,1.0000
133,33.21,1.00,1.00,0.050,10000,391.65,Y->G->S->T->S->P->O,212.74,Y->G->J->O,1.8410
134,33.39,1.00,1.00,0.050,10000,223.74,Y->G->K->P->O,212.74,Y->G->J->O,1.0517
135,33.79,1.00,1.00,0.050,10000,223.74,Y->G->K->P->O,212.74,Y->G->J->O,1.0517
136,34.01,1.00,1.00,0.050,10000,223.74,Y->G->K->P->O,212.74,Y->G->J->O,1.0517
137,34.40,1.00,1.00,0.050,10000,870.90,Y->G->S->W->U->Q->M->L->H->B->E->N->J->O,212.74,Y->G->J->O,4.0937
138,34.50,1.00,1.00,0.050,10000,212.74,Y->G->J->O,212.74,Y->G->J->O,1.0000
139,34.64,1.00,1.00,0.050,10000,1080.43,Y->G->D->C->F->B->A->B->E->M->L->H->L->I->L->U->W->S->P->K->P->O,212.74,Y->G->J->O,5.0786
140,34.68,1.00,1.00,0.050,10000,212.74,Y->G->J->O,212.74,Y->G->J->O,1.0000
141,35.01,1.00,1.00,0.050,10000,223.74,Y->G->K->P->O,212.74,Y->G->J->O,1.0517
142,35.10,1.00,1.00,0.050,10000,286.39,Y->D->C->F->J->O,212.74,Y->G->J->O,1.3462
143,35.17,1.00,1.00,0.050,10000,281.23,Y->D->G->J->O,212.74,Y->G->J->O,1.3219
144,35.22,1.00,1.00,0.050,10000,223.74,Y->G->K->P->O,212.74,Y->G->J->O,1.0517
145,35.37,1.00,1.00,0.050,10000,706.25,Y->D->A->C->F->B->E->I->L->U->M->Q->R->O,212.74,Y->G->J->O,3.3197
146,35.82,1.00,1.00,0.050,10000,223.74,Y->G->K->P->O,212.74,Y->G->J->O,1.0517
147,35.94,1.00,1.00,0.050,10000,775.23,Y->G->S->V->S->T->S->W->U->R->Q->N->J->O,212.74,Y->G->J->O,3.6440
148,36.30,1.00,1.00,0.050,10000,873.00,Y->D->C->A->B->E->M->N->Q->R->U->L->H->B->F->J->O,212.74,Y->G->J->O,4.1036
149,36.37,1.00,1.00,0.050,10000,1119.44,Y->D->C->F->J->N->M->Q->U->P->S->V->S->T->S->W->S->G->K->P->O,212.74,Y->G->J->O,5.2619
150,36.43,1.00,1.00,0.050,10000,223.74,Y->G->K->P->O,212.74,Y->G->J->O,1.0517
151,36.47,1.00,1.00,0.050,10000,212.74,Y->G->J->O,212.74,Y->G->J->O,1.0000
152,36.53,1.00,1.00,0.050,10000,603.22,Y->D->C->A->B->E->I->L->H->L->M->Q->R->O,212.74,Y->G->J->O,2.8354
153,36.76,1.00,1.00,0.050,10000,1187.11,Y->G->D->C->A->B->E->F->J->N->Q->M->L->I->L->H->L->U->W->S->V->S->T->S->P->O,212.74,Y->G->J->O,5.5800
154,37.02,1.00,1.00,0.050,10000,223.74,Y->G->K->P->O,212.74,Y->G->J->O,1.0517
155,37.23,1.00,1.00,0.050,10000,223.74,Y->G->K->P->O,212.74,Y->G->J->O,1.0517
156,37.30,1.00,1.00,0.050,10000,572.99,Y->G->D->C->B->H->L->I->E->F->J->O,212.74,Y->G->J->O,2.6934
157,37.44,1.00,1.00,0.050,10000,223.74,Y->G->K->P->O,212.74,Y->G->J->O,1.0517
158,37.64,1.00,1.00,0.050,10000,223.74,Y->G->K->P->O,212.74,Y->G->J->O,1.0517
159,37.68,1.00,1.00,0.050,10000,1854.38,Y->D->C->F->B->E->M->U->R->Q->N->J->G->S->P->K->G->K->G->S->T->S->W->U->L->H->L->I->L->U->P->O,212.74,Y->G->J->O,8.7165
160,37.77,1.00,1.00,0.050,10000,382.14,Y->D->C->A->B->F->J->O,212.74,Y->G->J->O,1.7962
161,37.80,1.00,1.00,0.050,10000,775.58,Y->G->J->F->C->A->D->A->B->H->L->M->N->Q->U->R->O,212.74,Y->G->J->O,3.6456
162,37.83,1.00,1.00,0.050,10000,223.74,Y->G->K->P->O,212.74,Y->G->J->O,1.0517
163,38.11,1.00,1.00,0.050,10000,212.74,Y->G->J->O,212.74,Y->G->J->O,1.0000
164,38.30,1.00,1.00,0.050,10000,212.74,Y->G->J->O,212.74,Y->G->J->O,1.0000
165,38.82,1.00,1.00,0.050,10000,969.24,Y->D->A->C->F->E->I->L->H->B->H->B->E->M->N->J->O,212.74,Y->G->J->O,4.5559
166,38.85,1.00,1.00,0.050,10000,223.74,Y->G->K->P->O,212.74,Y->G->J->O,1.0517
167,38.91,1.00,1.00,0.050,10000,1443.75,Y->G->K->P->S->T->S->V->S->W->U->Q->N->J->F->E->I->L->H->B->A->C->D->Y->G->J->O,212.74,Y->G->J->O,6.7864
168,39.02,1.00,1.00,0.050,10000,294.21,Y->G->D->C->F->J->O,212.74,Y->G->J->O,1.3829
169,39.11,1.00,1.00,0.050,10000,726.19,Y->G->J->N->E->I->L->M->Q->R->U->W->S->P->O,212.74,Y->G->J->O,3.4135
170,39.14,1.00,1.00,0.050,10000,857.74,Y->G->J->F->E->M->L->H->B->A->D->C->B->C->D->G->K->P->O,212.74,Y->G->J->O,4.0318
171,39.23,1.00,1.00,0.050,10000,223.74,Y->G->K->P->O,212.74,Y->G->J->O,1.0517
172,39.35,1.00,1.00,0.050,10000,645.11,Y->G->K->P->S->T->S->V->S->W->U->R->O,212.74,Y->G->J->O,3.0324
173,39.45,1.00,1.00,0.050,10000,223.74,Y->G->K->P->O,212.74,Y->G->J->O,1.0517
174,39.65,1.00,1.00,0.050,10000,223.74,Y->G->K->P->O,212.74,Y->G->J->O,1.0517
175,39.95,1.00,1.00,0.050,10000,560.22,Y->G->K->P->S->V->S->W->U->R->O,212.74,Y->G->J->O,2.6333
176,40.09,1.00,1.00,0.050,10000,300.92,Y->G->J->N->Q->R->O,212.74,Y->G->J->O,1.4145
177,40.20,1.00,1.00,0.050,10000,223.74,Y->G->K->P->O,212.74,Y->G->J->O,1.0517
178,40.25,1.00,1.00,0.050,10000,1293.71,Y->D->A->B->E->I->L->M->Q->R->U->P->S->T->S->V->S->W->S->G->K->G->J->O,212.74,Y->G->J->O,6.0811
179,40.47,1.00,1.00,0.050,10000,223.74,Y->G->K->P->O,212.74,Y->G->J->O,1.0517
180,40.59,1.00,1.00,0.050,10000,391.65,Y->G->S->T->S->P->O,212.74,Y->G->J->O,1.8410
181,40.68,1.00,1.00,0.050,10000,223.74,Y->G->K->P->O,212.74,Y->G->J->O,1.0517
182,40.80,1.00,1.00,0.050,10000,223.74,Y->G->K->P->O,212.74,Y->G->J->O,1.0517
183,40.85,1.00,1.00,0.050,10000,335.25,Y->G->J->N->M->Q->R->O,212.74,Y->G->J->O,1.5758
184,40.92,1.00,1.00,0.050,10000,223.74,Y->G->K->P->O,212.74,Y->G->J->O,1.0517
185,40.94,1.00,1.00,0.050,10000,300.92,Y->G->J->N->Q->R->O,212.74,Y->G->J->O,1.4145
186,41.17,1.00,1.00,0.050,10000,223.74,Y->G->K->P->O,212.74,Y->G->J->O,1.0517
187,41.44,1.00,1.00,0.050,10000,212.74,Y->G->J->O,212.74,Y->G->J->O,1.0000
188,41.60,1.00,1.00,0.050,10000,223.74,Y->G->K->P->O,212.74,Y->G->J->O,1.0517
189,41.66,1.00,1.00,0.050,10000,223.74,Y->G->K->P->O,212.74,Y->G->J->O,1.0517
190,41.70,1.00,1.00,0.050,10000,306.76,Y->G->S->P->O,212.74,Y->G->J->O,1.4419
191,41.73,1.00,1.00,0.050,10000,223.74,Y->G->K->P->O,212.74,Y->G->J->O,1.0517
192,41.85,1.00,1.00,0.050,10000,223.74,Y->G->K->P->O,212.74,Y->G->J->O,1.0517
193,41.90,1.00,1.00,0.050,10000,223.74,Y->G->K->P->O,212.74,Y->G->J->O,1.0517
194,41.90,1.00,1.00,0.050,10000,212.74,Y->G->J->O,212.74,Y->G->J->O,1.0000
195,42.10,1.00,1.00,0.050,10000,223.74,Y->G->K->P->O,212.74,Y->G->J->O,1.0517
196,42.12,1.00,1.00,0.050,10000,212.74,Y->G->J->O,212.74,Y->G->J->O,1.0000
197,42.37,1.00,1.00,0.050,10000,212.74,Y->G->J->O,212.74,Y->G->J->O,1.0000
198,42.38,1.00,1.00,0.050,10000,789.88,Y->G->D->C->F->E->B->A->D->A->B->H->L->M->N->Q->R->O,212.74,Y->G->J->O,3.7129
199,42.44,1.00,1.00,0.050,10000,1093.43,Y->G->D->A->C->F->J->N->M->E->I->L->H->B->C->D->Y->G->K->P->O,212.74,Y->G->J->O,5.1397
200,42.58,1.00,1.00,0.050,10000,223.74,Y->G->K->P->O,212.74,Y->G->J->O,1.0517
201,42.62,1.00,1.00,0.050,10000,835.64,Y->G->J->F->C->A->D->A->B->E->N->M->L->I->E->N->Q->R->O,212.74,Y->G->J->O,3.9279
202,42.62,1.00,1.00,0.050,10000,382.39,Y->G->D->C->F->J->N->Q->R->O,212.74,Y->G->J->O,1.7974
203,42.71,1.00,1.00,0.050,10000,223.74,Y->G->K->P->O,212.74,Y->G->J->O,1.0517
204,42.78,1.00,1.00,0.050,10000,556.38,Y->D->A->B->H->L->U->R->O,212.74,Y->G->J->O,2.6153
205,42.78,1.00,1.00,0.050,10000,223.74,Y->G->K->P->O,212.74,Y->G->J->O,1.0517
206,42.89,1.00,1.00,0.050,10000,359.09,Y->D->A->B->F->J->O,212.74,Y->G->J->O,1.6879
207,43.00,1.00,1.00,0.050,10000,306.76,Y->G->S->P->O,212.74,Y->G->J->O,1.4419
208,43.18,1.00,1.00,0.050,10000,2692.19,Y->G->J->N->M->Q->R->U->L->H->B->C->F->E->I->E->F->C->A->D->Y->D->C->A->C->D->A->B->C->A->D->A->B->E->M->U->P->S->T->S->W->U->W->S->V->S->G->K->P->O,212.74,Y->G->J->O,12.6547
209,43.21,1.00,1.00,0.050,10000,223.74,Y->G->K->P->O,212.74,Y->G->J->O,1.0517
210,43.33,1.00,1.00,0.050,10000,223.74,Y->G->K->P->O,212.74,Y->G->J->O,1.0517
211,43.43,1.00,1.00,0.050,10000,223.74,Y->G->K->P->O,212.74,Y->G->J->O,1.0517
212,43.53,1.00,1.00,0.050,10000,223.74,Y->G->K->P->O,212.74,Y->G->J->O,1.0517
213,43.63,1.00,1.00,0.050,10000,893.34,Y->D->C->B->E->N->Q->M->L->I->L->H->B->A->D->G->K->P->O,212.74,Y->G->J->O,4.1992
214,43.63,1.00,1.00,0.050,10000,223.74,Y->G->K->P->O,212.74,Y->G->J->O,1.0517
215,43.66,1.00,1.00,0.050,10000,212.74,Y->G->J->O,212.74,Y->G->J->O,1.0000
216,43.75,1.00,1.00,0.050,10000,212.74,Y->G->J->O,212.74,Y->G->J->O,1.0000
217,43.83,1.00,1.00,0.050,10000,514.77,Y->G->D->C->A->B->F->E->M->Q->R->O,212.74,Y->G->J->O,2.4197
218,44.05,1.00,1.00,0.050,10000,223.74,Y->G->K->P->O,212.74,Y->G->J->O,1.0517
219,44.17,1.00,1.00,0.050,10000,223.74,Y->G->K->P->O,212.74,Y->G->J->O,1.0517
220,44.25,1.00,1.00,0.050,10000,560.95,Y->G->J->F->E->B->H->L->M->Q->R->O,212.74,Y->G->J->O,2.6368
221,44.25,1.00,1.00,0.050,10000,223.74,Y->G->K->P->O,212.74,Y->G->J->O,1.0517
222,44.37,1.00,1.00,0.050,10000,223.74,Y->G->K->P->O,212.74,Y->G->J->O,1.0517
223,44.47,1.00,1.00,0.050,10000,223.74,Y->G->K->P->O,212.74,Y->G->J->O,1.0517
224,44.50,1.00,1.00,0.050,10000,212.74,Y->G->J->O,212.74,Y->G->J->O,1.0000
225,44.68,1.00,1.00,0.050,10000,223.74,Y->G->K->P->O,212.74,Y->G->J->O,1.0517
226,44.80,1.00,1.00,0.050,10000,212.74,Y->G->J->O,212.74,Y->G->J->O,1.0000
227,44.87,1.00,1.00,0.050,10000,749.11,Y->G->K->P->S->V->S->T->S->W->U->M->Q->R->O,212.74,Y->G->J->O,3.5212
228,44.98,1.00,1.00,0.050,10000,223.74,Y->G->K->P->O,212.74,Y->G->J->O,1.0517
229,45.10,1.00,1.00,0.050,10000,223.74,Y->G->K->P->O,212.74,Y->G->J->O,1.0517
230,45.21,1.00,1.00,0.050,10000,223.74,Y->G->K->P->O,212.74,Y->G->J->O,1.0517
231,45.23,1.00,1.00,0.050,10000,212.74,Y->G->J->O,212.74,Y->G->J->O,1.0000
232,45.32,1.00,1.00,0.050,10000,212.74,Y->G->J->O,212.74,Y->G->J->O,1.0000
233,45.50,1.00,1.00,0.050,10000,223.74,Y->G->K->P->O,212.74,Y->G->J->O,1.0517
234,45.63,1.00,1.00,0.050,10000,223.74,Y->G->K->P->O,212.74,Y->G->J->O,1.0517
235,45.71,1.00,1.00,0.050,10000,223.74,Y->G->K->P->O,212.74,Y->G->J->O,1.0517
236,45.73,1.00,1.00,0.050,10000,569.07,Y->D->C->F->J->N->E->I->L->M->Q->R->O,212.74,Y->G->J->O,2.6749
237,45.73,1.00,1.00,0.050,10000,438.94,Y->G->J->F->E->N->M->Q->R->O,212.74,Y->G->J->O,2.0632
238,45.83,1.00,1.00,0.050,10000,223.74,Y->G->K->P->O,212.74,Y->G->J->O,1.0517
239,45.93,1.00,1.00,0.050,10000,223.74,Y->G->K->P->O,212.74,Y->G->J->O,1.0517
240,46.00,1.00,1.00,0.050,10000,586.80,Y->D->A->B->C->F->E->I->L->M->N->Q->R->O,212.74,Y->G->J->O,2.7582
241,46.03,1.00,1.00,0.050,10000,223.74,Y->G->K->P->O,212.74,Y->G->J->O,1.0517
242,46.14,1.00,1.00,0.050,10000,223.74,Y->G->K->P->O,212.74,Y->G->J->O,1.0517
243,46.24,1.00,1.00,0.050,10000,223.74,Y->G->K->P->O,212.74,Y->G->J->O,1.0517
244,46.24,1.00,1.00,0.050,10000,212.74,Y->G->J->O,212.74,Y->G->J->O,1.0000
245,46.45,1.00,1.00,0.050,10000,223.74,Y->G->K->P->O,212.74,Y->G->J->O,1.0517
246,46.48,1.00,1.00,0.050,10000,212.74,Y->G->J->O,212.74,Y->G->J->O,1.0000
247,46.64,1.00,1.00,0.050,10000,223.74,Y->G->K->P->O,212.74,Y->G->J->O,1.0517
248,46.77,1.00,1.00,0.050,10000,223.74,Y->G->K->P->O,212.74,Y->G->J->O,1.0517
249,46.87,1.00,1.00,0.050,10000,223.74,Y->G->K->P->O,212.74,Y->G->J->O,1.0517
250,46.97,1.00,1.00,0.050,10000,223.74,Y->G->K->P->O,212.74,Y->G->J->O,1.0517
251,47.09,1.00,1.00,0.050,10000,223.74,Y->G->K->P->O,212.74,Y->G->J->O,1.0517
252,47.30,1.00,1.00,0.050,10000,223.74,Y->G->K->P->O,212.74,Y->G->J->O,1.0517
253,47.39,1.00,1.00,0.050,10000,223.74,Y->G->K->P->O,212.74,Y->G->J->O,1.0517
254,47.41,1.00,1.00,0.050,10000,212.74,Y->G->J->O,212.74,Y->G->J->O,1.0000
255,47.59,1.00,1.00,0.050,10000,223.74,Y->G->K->P->O,212.74,Y->G->J->O,1.0517
256,47.63,1.00,1.00,0.050,10000,212.74,Y->G->J->O,212.74,Y->G->J->O,1.0000
257,47.81,1.00,1.00,0.050,10000,223.74,Y->G->K->P->O,212.74,Y->G->J->O,1.0517
258,47.86,1.00,1.00,0.050,10000,595.75,Y->G->S->W->U->M->Q->R->O,212.74,Y->G->J->O,2.8003
259,47.92,1.00,1.00,0.050,10000,223.74,Y->G->K->P->O,212.74,Y->G->J->O,1.0517
260,47.92,1.00,1.00,0.050,10000,212.74,Y->G->J->O,212.74,Y->G->J->O,1.0000
261,48.14,1.00,1.00,0.050,10000,223.74,Y->G->K->P->O,212.74,Y->G->J->O,1.0517
262,48.23,1.00,1.00,0.050,10000,223.74,Y->G->K->P->O,212.74,Y->G->J->O,1.0517
263,48.32,1.00,1.00,0.050,10000,223.74,Y->G->K->P->O,212.74,Y->G->J->O,1.0517
264,48.43,1.00,1.00,0.050,10000,223.74,Y->G->K->P->O,212.74,Y->G->J->O,1.0517
265,48.55,1.00,1.00,0.050,10000,223.74,Y->G->K->P->O,212.74,Y->G->J->O,1.0517
266,48.65,1.00,1.00,0.050,10000,223.74,Y->G->K->P->O,212.74,Y->G->J->O,1.0517
267,48.95,1.00,1.00,0.050,10000,223.74,Y->G->K->P->O,212.74,Y->G->J->O,1.0517
268,49.07,1.00,1.00,0.050,10000,223.74,Y->G->K->P->O,212.74,Y->G->J->O,1.0517
269,49.16,1.00,1.00,0.050,10000,223.74,Y->G->K->P->O,212.74,Y->G->J->O,1.0517
270,49.28,1.00,1.00,0.050,10000,223.74,Y->G->K->P->O,212.74,Y->G->J->O,1.0517
271,49.29,1.00,1.00,0.050,10000,212.74,Y->G->J->O,212.74,Y->G->J->O,1.0000
272,49.39,1.00,1.00,0.050,10000,484.85,Y->G->S->V->S->T->S->P->O,212.74,Y->G->J->O,2.2791
273,49.39,1.00,1.00,0.050,10000,300.92,Y->G->J->N->Q->R->O,212.74,Y->G->J->O,1.4145
274,49.48,1.00,1.00,0.050,10000,223.74,Y->G->K->P->O,212.74,Y->G->J->O,1.0517
275,49.57,1.00,1.00,0.050,10000,223.74,Y->G->K->P->O,212.74,Y->G->J->O,1.0517
276,49.69,1.00,1.00,0.050,10000,223.74,Y->G->K->P->O,212.74,Y->G->J->O,1.0517
277,49.81,1.00,1.00,0.050,10000,223.74,Y->G->K->P->O,212.74,Y->G->J->O,1.0517
278,50.11,1.00,1.00,0.050,10000,223.74,Y->G->K->P->O,212.74,Y->G->J->O,1.0517
279,50.21,1.00,1.00,0.050,10000,223.74,Y->G->K->P->O,212.74,Y->G->J->O,1.0517
280,50.32,1.00,1.00,0.050,10000,223.74,Y->G->K->P->O,212.74,Y->G->J->O,1.0517
281,50.33,1.00,1.00,0.050,10000,1097.52,Y->G->J->N->Q->R->U->M->L->I->E->F->C->B->A->D->A->C->A->D->A->D->G->K->P->O,212.74,Y->G->J->O,5.1589
282,50.43,1.00,1.00,0.050,10000,223.74,Y->G->K->P->O,212.74,Y->G->J->O,1.0517
283,50.54,1.00,1.00,0.050,10000,223.74,Y->G->K->P->O,212.74,Y->G->J->O,1.0517
284,50.63,1.00,1.00,0.050,10000,223.74,Y->G->K->P->O,212.74,Y->G->J->O,1.0517
285,50.66,1.00,1.00,0.050,10000,212.74,Y->G->J->O,212.74,Y->G->J->O,1.0000
286,50.84,1.00,1.00,0.050,10000,223.74,Y->G->K->P->O,212.74,Y->G->J->O,1.0517
287,50.96,1.00,1.00,0.050,10000,223.74,Y->G->K->P->O,212.74,Y->G->J->O,1.0517
288,51.05,1.00,1.00,0.050,10000,223.74,Y->G->K->P->O,212.74,Y->G->J->O,1.0517
289,51.16,1.00,1.00,0.050,10000,223.74,Y->G->K->P->O,212.74,Y->G->J->O,1.0517
290,51.16,1.00,1.00,0.050,10000,212.74,Y->G->J->O,212.74,Y->G->J->O,1.0000
291,51.35,1.00,1.00,0.050,10000,223.74,Y->G->K->P->O,212.74,Y->G->J->O,1.0517
292,51.39,1.00,1.00,0.050,10000,212.74,Y->G->J->O,212.74,Y->G->J->O,1.0000
293,51.48,1.00,1.00,0.050,10000,212.74,Y->G->J->O,212.74,Y->G->J->O,1.0000
294,51.59,1.00,1.00,0.050,10000,212.74,Y->G->J->O,212.74,Y->G->J->O,1.0000
295,51.77,1.00,1.00,0.050,10000,223.74,Y->G->K->P->O,212.74,Y->G->J->O,1.0517
296,52.00,1.00,1.00,0.050,10000,223.74,Y->G->K->P->O,212.74,Y->G->J->O,1.0517
297,52.00,1.00,1.00,0.050,10000,212.74,Y->G->J->O,212.74,Y->G->J->O,1.0000
298,52.17,1.00,1.00,0.050,10000,223.74,Y->G->K->P->O,212.74,Y->G->J->O,1.0517
299,52.30,1.00,1.00,0.050,10000,223.74,Y->G->K->P->O,212.74,Y->G->J->O,1.0517
300,52.39,1.00,1.00,0.050,10000,223.74,Y->G->K->P->O,212.74,Y->G->J->O,1.0517
301,52.51,1.00,1.00,0.050,10000,223.74,Y->G->K->P->O,212.74,Y->G->J->O,1.0517
302,52.62,1.00,1.00,0.050,10000,223.74,Y->G->K->P->O,212.74,Y->G->J->O,1.0517
303,52.72,1.00,1.00,0.050,10000,223.74,Y->G->K->P->O,212.74,Y->G->J->O,1.0517
304,52.80,1.00,1.00,0.050,10000,560.22,Y->G->K->P->S->V->S->W->U->R->O,212.74,Y->G->J->O,2.6333
305,52.81,1.00,1.00,0.050,10000,335.25,Y->G->J->N->M->Q->R->O,212.74,Y->G->J->O,1.5758
306,52.83,1.00,1.00,0.050,10000,223.74,Y->G->K->P->O,212.74,Y->G->J->O,1.0517
307,52.93,1.00,1.00,0.050,10000,223.74,Y->G->K->P->O,212.74,Y->G->J->O,1.0517
308,53.03,1.00,1.00,0.050,10000,223.74,Y->G->K->P->O,212.74,Y->G->J->O,1.0517
309,53.15,1.00,1.00,0.050,10000,223.74,Y->G->K->P->O,212.74,Y->G->J->O,1.0517
310,53.25,1.00,1.00,0.050,10000,223.74,Y->G->K->P->O,212.74,Y->G->J->O,1.0517
311,53.35,1.00,1.00,0.050,10000,223.74,Y->G->K->P->O,212.74,Y->G->J->O,1.0517
312,53.48,1.00,1.00,0.050,10000,783.74,Y->G->K->P->S->W->U->L->H->B->C->F->J->O,212.74,Y->G->J->O,3.6840
313,53.56,1.00,1.00,0.050,10000,223.74,Y->G->K->P->O,212.74,Y->G->J->O,1.0517
314,53.66,1.00,1.00,0.050,10000,223.74,Y->G->K->P->O,212.74,Y->G->J->O,1.0517
315,53.81,1.00,1.00,0.050,10000,692.33,Y->D->C->F->B->H->L->U->M->Q->R->O,212.74,Y->G->J->O,3.2543
316,53.89,1.00,1.00,0.050,10000,223.74,Y->G->K->P->O,212.74,Y->G->J->O,1.0517
317,53.96,1.00,1.00,0.050,10000,223.74,Y->G->K->P->O,212.74,Y->G->J->O,1.0517
318,54.09,1.00,1.00,0.050,10000,223.74,Y->G->K->P->O,212.74,Y->G->J->O,1.0517
319,54.09,1.00,1.00,0.050,10000,212.74,Y->G->J->O,212.74,Y->G->J->O,1.0000
320,54.29,1.00,1.00,0.050,10000,223.74,Y->G->K->P->O,212.74,Y->G->J->O,1.0517
321,54.40,1.00,1.00,0.050,10000,223.74,Y->G->K->P->O,212.74,Y->G->J->O,1.0517
322,54.49,1.00,1.00,0.050,10000,223.74,Y->G->K->P->O,212.74,Y->G->J->O,1.0517
323,54.70,1.00,1.00,0.050,10000,335.25,Y->G->J->N->M->Q->R->O,212.74,Y->G->J->O,1.5758
324,54.71,1.00,1.00,0.050,10000,223.74,Y->G->K->P->O,212.74,Y->G->J->O,1.0517
325,54.73,1.00,1.00,0.050,10000,212.74,Y->G->J->O,212.74,Y->G->J->O,1.0000
326,54.92,1.00,1.00,0.050,10000,223.74,Y->G->K->P->O,212.74,Y->G->J->O,1.0517
327,55.01,1.00,1.00,0.050,10000,223.74,Y->G->K->P->O,212.74,Y->G->J->O,1.0517
328,55.13,1.00,1.00,0.050,10000,223.74,Y->G->K->P->O,212.74,Y->G->J->O,1.0517
329,55.18,1.00,1.00,0.050,10000,294.21,Y->G->D->C->F->J->O,212.74,Y->G->J->O,1.3829
330,55.22,1.00,1.00,0.050,10000,223.74,Y->G->K->P->O,212.74,Y->G->J->O,1.0517
331,55.33,1.00,1.00,0.050,10000,223.74,Y->G->K->P->O,212.74,Y->G->J->O,1.0517
332,55.45,1.00,1.00,0.050,10000,223.74,Y->G->K->P->O,212.74,Y->G->J->O,1.0517
333,55.55,1.00,1.00,0.050,10000,223.74,Y->G->K->P->O,212.74,Y->G->J->O,1.0517
334,55.65,1.00,1.00,0.050,10000,223.74,Y->G->K->P->O,212.74,Y->G->J->O,1.0517
335,55.66,1.00,1.00,0.050,10000,212.74,Y->G->J->O,212.74,Y->G->J->O,1.0000
336,55.97,1.00,1.00,0.050,10000,223.74,Y->G->K->P->O,212.74,Y->G->J->O,1.0517
337,56.05,1.00,1.00,0.050,10000,223.74,Y->G->K->P->O,212.74,Y->G->J->O,1.0517
338,56.15,1.00,1.00,0.050,10000,223.74,Y->G->K->P->O,212.74,Y->G->J->O,1.0517
339,56.27,1.00,1.00,0.050,10000,223.74,Y->G->K->P->O,212.74,Y->G->J->O,1.0517
340,56.38,1.00,1.00,0.050,10000,576.74,Y->G->D->C->F->J->N->E->M->U->R->O,212.74,Y->G->J->O,2.7110
341,56.49,1.00,1.00,0.050,10000,223.74,Y->G->K->P->O,212.74,Y->G->J->O,1.0517
342,56.57,1.00,1.00,0.050,10000,223.74,Y->G->K->P->O,212.74,Y->G->J->O,1.0517
343,56.68,1.00,1.00,0.050,10000,223.74,Y->G->K->P->O,212.74,Y->G->J->O,1.0517
344,56.77,1.00,1.00,0.050,10000,223.74,Y->G->K->P->O,212.74,Y->G->J->O,1.0517
345,56.99,1.00,1.00,0.050,10000,223.74,Y->G->K->P->O,212.74,Y->G->J->O,1.0517
346,57.10,1.00,1.00,0.050,10000,223.74,Y->G->K->P->O,212.74,Y->G->J->O,1.0517
347,57.11,1.00,1.00,0.050,10000,212.74,Y->G->J->O,212.74,Y->G->J->O,1.0000
348,57.30,1.00,1.00,0.050,10000,223.74,Y->G->K->P->O,212.74,Y->G->J->O,1.0517
349,57.32,1.00,1.00,0.050,10000,212.74,Y->G->J->O,212.74,Y->G->J->O,1.0000
350,57.41,1.00,1.00,0.050,10000,286.39,Y->D->C->F->J->O,212.74,Y->G->J->O,1.3462
351,57.52,1.00,1.00,0.050,10000,223.74,Y->G->K->P->O,212.74,Y->G->J->O,1.0517
352,57.63,1.00,1.00,0.050,10000,223.74,Y->G->K->P->O,212.74,Y->G->J->O,1.0517
353,57.71,1.00,1.00,0.050,10000,223.74,Y->G->K->P->O,212.74,Y->G->J->O,1.0517
354,57.82,1.00,1.00,0.050,10000,223.74,Y->G->K->P->O,212.74,Y->G->J->O,1.0517
355,57.93,1.00,1.00,0.050,10000,223.74,Y->G->K->P->O,212.74,Y->G->J->O,1.0517
356,58.03,1.00,1.00,0.050,10000,223.74,Y->G->K->P->O,212.74,Y->G->J->O,1.0517
357,58.15,1.00,1.00,0.050,10000,223.74,Y->G->K->P->O,212.74,Y->G->J->O,1.0517
358,58.25,1.00,1.00,0.050,10000,223.74,Y->G->K->P->O,212.74,Y->G->J->O,1.0517
359,58.35,1.00,1.00,0.050,10000,223.74,Y->G->K->P->O,212.74,Y->G->J->O,1.0517
360,58.37,1.00,1.00,0.050,10000,212.74,Y->G->J->O,212.74,Y->G->J->O,1.0000
361,58.57,1.00,1.00,0.050,10000,223.74,Y->G->K->P->O,212.74,Y->G->J->O,1.0517
362,58.79,1.00,1.00,0.050,10000,223.74,Y->G->K->P->O,212.74,Y->G->J->O,1.0517
363,58.89,1.00,1.00,0.050,10000,223.74,Y->G->K->P->O,212.74,Y->G->J->O,1.0517
364,58.95,1.00,1.00,0.050,10000,531.69,Y->G->J->N->Q->R->U->W->S->P->O,212.74,Y->G->J->O,2.4992
365,58.99,1.00,1.00,0.050,10000,223.74,Y->G->K->P->O,212.74,Y->G->J->O,1.0517
366,59.09,1.00,1.00,0.050,10000,223.74,Y->G->K->P->O,212.74,Y->G->J->O,1.0517
367,59.20,1.00,1.00,0.050,10000,223.74,Y->G->K->P->O,212.74,Y->G->J->O,1.0517
368,59.30,1.00,1.00,0.050,10000,223.74,Y->G->K->P->O,212.74,Y->G->J->O,1.0517
369,59.37,1.00,1.00,0.050,10000,645.11,Y->G->K->P->S->V->S->T->S->W->U->R->O,212.74,Y->G->J->O,3.0324
370,59.40,1.00,1.00,0.050,10000,223.74,Y->G->K->P->O,212.74,Y->G->J->O,1.0517
371,59.42,1.00,1.00,0.050,10000,212.74,Y->G->J->O,212.74,Y->G->J->O,1.0000
372,59.60,1.00,1.00,0.050,10000,223.74,Y->G->K->P->O,212.74,Y->G->J->O,1.0517
373,59.73,1.00,1.00,0.050,10000,223.74,Y->G->K->P->O,212.74,Y->G->J->O,1.0517
374,59.80,1.00,1.00,0.050,10000,223.74,Y->G->K->P->O,212.74,Y->G->J->O,1.0517
375,59.93,1.00,1.00,0.050,10000,223.74,Y->G->K->P->O,212.74,Y->G->J->O,1.0517
376,59.94,1.00,1.00,0.050,10000,212.74,Y->G->J->O,212.74,Y->G->J->O,1.0000
377,60.13,1.00,1.00,0.050,10000,223.74,Y->G->K->P->O,212.74,Y->G->J->O,1.0517
378,60.25,1.00,1.00,0.050,10000,223.74,Y->G->K->P->O,212.74,Y->G->J->O,1.0517
379,60.34,1.00,1.00,0.050,10000,223.74,Y->G->K->P->O,212.74,Y->G->J->O,1.0517
380,60.37,1.00,1.00,0.050,10000,212.74,Y->G->J->O,212.74,Y->G->J->O,1.0000
381,60.48,1.00,1.00,0.050,10000,437.32,Y->G->J->N->Q->R->U->P->O,212.74,Y->G->J->O,2.0556
382,60.54,1.00,1.00,0.050,10000,223.74,Y->G->K->P->O,212.74,Y->G->J->O,1.0517
383,60.65,1.00,1.00,0.050,10000,223.74,Y->G->K->P->O,212.74,Y->G->J->O,1.0517
384,60.77,1.00,1.00,0.050,10000,223.74,Y->G->K->P->O,212.74,Y->G->J->O,1.0517
385,60.85,1.00,1.00,0.050,10000,223.74,Y->G->K->P->O,212.74,Y->G->J->O,1.0517
386,60.97,1.00,1.00,0.050,10000,223.74,Y->G->K->P->O,212.74,Y->G->J->O,1.0517
387,61.08,1.00,1.00,0.050,10000,223.74,Y->G->K->P->O,212.74,Y->G->J->O,1.0517
388,61.18,1.00,1.00,0.050,10000,223.74,Y->G->K->P->O,212.74,Y->G->J->O,1.0517
389,61.29,1.00,1.00,0.050,10000,223.74,Y->G->K->P->O,212.74,Y->G->J->O,1.0517
390,61.37,1.00,1.00,0.050,10000,223.74,Y->G->K->P->O,212.74,Y->G->J->O,1.0517
391,61.48,1.00,1.00,0.050,10000,223.74,Y->G->K->P->O,212.74,Y->G->J->O,1.0517
392,61.59,1.00,1.00,0.050,10000,223.74,Y->G->K->P->O,212.74,Y->G->J->O,1.0517
393,61.73,1.00,1.00,0.050,10000,212.74,Y->G->J->O,212.74,Y->G->J->O,1.0000
394,61.91,1.00,1.00,0.050,10000,223.74,Y->G->K->P->O,212.74,Y->G->J->O,1.0517
395,62.00,1.00,1.00,0.050,10000,223.74,Y->G->K->P->O,212.74,Y->G->J->O,1.0517
396,62.11,1.00,1.00,0.050,10000,223.74,Y->G->K->P->O,212.74,Y->G->J->O,1.0517
397,62.22,1.00,1.00,0.050,10000,223.74,Y->G->K->P->O,212.74,Y->G->J->O,1.0517
398,62.32,1.00,1.00,0.050,10000,223.74,Y->G->K->P->O,212.74,Y->G->J->O,1.0517
399,62.44,1.00,1.00,0.050,10000,223.74,Y->G->K->P->O,212.74,Y->G->J->O,1.0517
400,62.63,1.00,1.00,0.050,10000,223.74,Y->G->K->P->O,212.74,Y->G->J->O,1.0517
401,62.74,1.00,1.00,0.050,10000,223.74,Y->G->K->P->O,212.74,Y->G->J->O,1.0517
402,62.84,1.00,1.00,0.050,10000,223.74,Y->G->K->P->O,212.74,Y->G->J->O,1.0517
403,62.94,1.00,1.00,0.050,10000,223.74,Y->G->K->P->O,212.74,Y->G->J->O,1.0517
404,63.04,1.00,1.00,0.050,10000,286.39,Y->D->C->F->J->O,212.74,Y->G->J->O,1.3462
405,63.06,1.00,1.00,0.050,10000,223.74,Y->G->K->P->O,212.74,Y->G->J->O,1.0517
406,63.15,1.00,1.00,0.050,10000,223.74,Y->G->K->P->O,212.74,Y->G->J->O,1.0517
407,63.27,1.00,1.00,0.050,10000,223.74,Y->G->K->P->O,212.74,Y->G->J->O,1.0517
408,63.36,1.00,1.00,0.050,10000,223.74,Y->G->K->P->O,212.74,Y->G->J->O,1.0517
409,63.45,1.00,1.00,0.050,10000,223.74,Y->G->K->P->O,212.74,Y->G->J->O,1.0517
410,63.57,1.00,1.00,0.050,10000,223.74,Y->G->K->P->O,212.74,Y->G->J->O,1.0517
411,63.68,1.00,1.00,0.050,10000,223.74,Y->G->K->P->O,212.74,Y->G->J->O,1.0517
412,63.73,1.00,1.00,0.050,10000,475.50,Y->G->D->C->F->E->I->L->M->Q->R->O,212.74,Y->G->J->O,2.2351
413,63.78,1.00,1.00,0.050,10000,223.74,Y->G->K->P->O,212.74,Y->G->J->O,1.0517
414,63.91,1.00,1.00,0.050,10000,223.74,Y->G->K->P->O,212.74,Y->G->J->O,1.0517
415,63.98,1.00,1.00,0.050,10000,223.74,Y->G->K->P->O,212.74,Y->G->J->O,1.0517
416,64.11,1.00,1.00,0.050,10000,223.74,Y->G->K->P->O,212.74,Y->G->J->O,1.0517
417,64.20,1.00,1.00,0.050,10000,223.74,Y->G->K->P->O,212.74,Y->G->J->O,1.0517
418,64.32,1.00,1.00,0.050,10000,223.74,Y->G->K->P->O,212.74,Y->G->J->O,1.0517
419,64.43,1.00,1.00,0.050,10000,223.74,Y->G->K->P->O,212.74,Y->G->J->O,1.0517
420,64.52,1.00,1.00,0.050,10000,223.74,Y->G->K->P->O,212.74,Y->G->J->O,1.0517
421,64.64,1.00,1.00,0.050,10000,223.74,Y->G->K->P->O,212.74,Y->G->J->O,1.0517
422,64.64,1.00,1.00,0.050,10000,212.74,Y->G->J->O,212.74,Y->G->J->O,1.0000
423,64.84,1.00,1.00,0.050,10000,223.74,Y->G->K->P->O,212.74,Y->G->J->O,1.0517
424,64.95,1.00,1.00,0.050,10000,223.74,Y->G->K->P->O,212.74,Y->G->J->O,1.0517
425,65.04,1.00,1.00,0.050,10000,223.74,Y->G->K->P->O,212.74,Y->G->J->O,1.0517
426,65.14,1.00,1.00,0.050,10000,223.74,Y->G->K->P->O,212.74,Y->G->J->O,1.0517
427,65.26,1.00,1.00,0.050,10000,223.74,Y->G->K->P->O,212.74,Y->G->J->O,1.0517
428,65.36,1.00,1.00,0.050,10000,223.74,Y->G->K->P->O,212.74,Y->G->J->O,1.0517
429,65.44,1.00,1.00,0.050,10000,223.74,Y->G->K->P->O,212.74,Y->G->J->O,1.0517
430,65.57,1.00,1.00,0.050,10000,223.74,Y->G->K->P->O,212.74,Y->G->J->O,1.0517
431,65.66,1.00,1.00,0.050,10000,223.74,Y->G->K->P->O,212.74,Y->G->J->O,1.0517
432,65.76,1.00,1.00,0.050,10000,223.74,Y->G->K->P->O,212.74,Y->G->J->O,1.0517
433,65.86,1.00,1.00,0.050,10000,223.74,Y->G->K->P->O,212.74,Y->G->J->O,1.0517
434,65.98,1.00,1.00,0.050,10000,223.74,Y->G->K->P->O,212.74,Y->G->J->O,1.0517
435,66.01,1.00,1.00,0.050,10000,212.74,Y->G->J->O,212.74,Y->G->J->O,1.0000
436,66.16,1.00,1.00,0.050,10000,223.74,Y->G->K->P->O,212.74,Y->G->J->O,1.0517
437,66.29,1.00,1.00,0.050,10000,223.74,Y->G->K->P->O,212.74,Y->G->J->O,1.0517
438,66.39,1.00,1.00,0.050,10000,223.74,Y->G->K->P->O,212.74,Y->G->J->O,1.0517
439,66.49,1.00,1.00,0.050,10000,223.74,Y->G->K->P->O,212.74,Y->G->J->O,1.0517
440,66.59,1.00,1.00,0.050,10000,223.74,Y->G->K->P->O,212.74,Y->G->J->O,1.0517
441,66.70,1.00,1.00,0.050,10000,223.74,Y->G->K->P->O,212.74,Y->G->J->O,1.0517
442,66.79,1.00,1.00,0.050,10000,223.74,Y->G->K->P->O,212.74,Y->G->J->O,1.0517
443,66.92,1.00,1.00,0.050,10000,223.74,Y->G->K->P->O,212.74,Y->G->J->O,1.0517
444,66.93,1.00,1.00,0.050,10000,212.74,Y->G->J->O,212.74,Y->G->J->O,1.0000
445,67.13,1.00,1.00,0.050,10000,223.74,Y->G->K->P->O,212.74,Y->G->J->O,1.0517
446,67.21,1.00,1.00,0.050,10000,223.74,Y->G->K->P->O,212.74,Y->G->J->O,1.0517
447,67.23,1.00,1.00,0.050,10000,212.74,Y->G->J->O,212.74,Y->G->J->O,1.0000
448,67.43,1.00,1.00,0.050,10000,223.74,Y->G->K->P->O,212.74,Y->G->J->O,1.0517
449,67.53,1.00,1.00,0.050,10000,223.74,Y->G->K->P->O,212.74,Y->G->J->O,1.0517
450,67.66,1.00,1.00,0.050,10000,223.74,Y->G->K->P->O,212.74,Y->G->J->O,1.0517
451,67.75,1.00,1.00,0.050,10000,223.74,Y->G->K->P->O,212.74,Y->G->J->O,1.0517
452,67.88,1.00,1.00,0.050,10000,223.74,Y->G->K->P->O,212.74,Y->G->J->O,1.0517
453,67.96,1.00,1.00,0.050,10000,223.74,Y->G->K->P->O,212.74,Y->G->J->O,1.0517
454,68.05,1.00,1.00,0.050,10000,223.74,Y->G->K->P->O,212.74,Y->G->J->O,1.0517
455,68.17,1.00,1.00,0.050,10000,223.74,Y->G->K->P->O,212.74,Y->G->J->O,1.0517
456,68.28,1.00,1.00,0.050,10000,223.74,Y->G->K->P->O,212.74,Y->G->J->O,1.0517
457,68.38,1.00,1.00,0.050,10000,223.74,Y->G->K->P->O,212.74,Y->G->J->O,1.0517
458,68.48,1.00,1.00,0.050,10000,223.74,Y->G->K->P->O,212.74,Y->G->J->O,1.0517
459,68.59,1.00,1.00,0.050,10000,223.74,Y->G->K->P->O,212.74,Y->G->J->O,1.0517
460,68.70,1.00,1.00,0.050,10000,223.74,Y->G->K->P->O,212.74,Y->G->J->O,1.0517
461,68.79,1.00,1.00,0.050,10000,223.74,Y->G->K->P->O,212.74,Y->G->J->O,1.0517
462,68.91,1.00,1.00,0.050,10000,223.74,Y->G->K->P->O,212.74,Y->G->J->O,1.0517
463,69.00,1.00,1.00,0.050,10000,223.74,Y->G->K->P->O,212.74,Y->G->J->O,1.0517
464,69.11,1.00,1.00,0.050,10000,223.74,Y->G->K->P->O,212.74,Y->G->J->O,1.0517
465,69.20,1.00,1.00,0.050,10000,223.74,Y->G->K->P->O,212.74,Y->G->J->O,1.0517
466,69.23,1.00,1.00,0.050,10000,212.74,Y->G->J->O,212.74,Y->G->J->O,1.0000
467,69.42,1.00,1.00,0.050,10000,223.74,Y->G->K->P->O,212.74,Y->G->J->O,1.0517
468,69.45,1.00,1.00,0.050,10000,212.74,Y->G->J->O,212.74,Y->G->J->O,1.0000
469,69.63,1.00,1.00,0.050,10000,223.74,Y->G->K->P->O,212.74,Y->G->J->O,1.0517
470,69.75,1.00,1.00,0.050,10000,223.74,Y->G->K->P->O,212.74,Y->G->J->O,1.0517
471,69.84,1.00,1.00,0.050,10000,223.74,Y->G->K->P->O,212.74,Y->G->J->O,1.0517
472,69.96,1.00,1.00,0.050,10000,223.74,Y->G->K->P->O,212.74,Y->G->J->O,1.0517
473,69.97,1.00,1.00,0.050,10000,212.74,Y->G->J->O,212.74,Y->G->J->O,1.0000
474,70.16,1.00,1.00,0.050,10000,223.74,Y->G->K->P->O,212.74,Y->G->J->O,1.0517
475,70.27,1.00,1.00,0.050,10000,223.74,Y->G->K->P->O,212.74,Y->G->J->O,1.0517
476,70.35,1.00,1.00,0.050,10000,223.74,Y->G->K->P->O,212.74,Y->G->J->O,1.0517
477,70.48,1.00,1.00,0.050,10000,223.74,Y->G->K->P->O,212.74,Y->G->J->O,1.0517
478,70.57,1.00,1.00,0.050,10000,223.74,Y->G->K->P->O,212.74,Y->G->J->O,1.0517
479,70.68,1.00,1.00,0.050,10000,223.74,Y->G->K->P->O,212.74,Y->G->J->O,1.0517
480,70.70,1.00,1.00,0.050,10000,212.74,Y->G->J->O,212.74,Y->G->J->O,1.0000
481,70.88,1.00,1.00,0.050,10000,223.74,Y->G->K->P->O,212.74,Y->G->J->O,1.0517
482,71.00,1.00,1.00,0.050,10000,223.74,Y->G->K->P->O,212.74,Y->G->J->O,1.0517
483,71.10,1.00,1.00,0.050,10000,223.74,Y->G->K->P->O,212.74,Y->G->J->O,1.0517
484,71.20,1.00,1.00,0.050,10000,223.74,Y->G->K->P->O,212.74,Y->G->J->O,1.0517
485,71.30,1.00,1.00,0.050,10000,223.74,Y->G->K->P->O,212.74,Y->G->J->O,1.0517
486,71.41,1.00,1.00,0.050,10000,223.74,Y->G->K->P->O,212.74,Y->G->J->O,1.0517
487,71.44,1.00,1.00,0.050,10000,212.74,Y->G->J->O,212.74,Y->G->J->O,1.0000
488,71.61,1.00,1.00,0.050,10000,223.74,Y->G->K->P->O,212.74,Y->G->J->O,1.0517
489,71.73,1.00,1.00,0.050,10000,223.74,Y->G->K->P->O,212.74,Y->G->J->O,1.0517
490,71.82,1.00,1.00,0.050,10000,223.74,Y->G->K->P->O,212.74,Y->G->J->O,1.0517
491,71.93,1.00,1.00,0.050,10000,223.74,Y->G->K->P->O,212.74,Y->G->J->O,1.0517
492,71.94,1.00,1.00,0.050,10000,212.74,Y->G->J->O,212.74,Y->G->J->O,1.0000
493,72.13,1.00,1.00,0.050,10000,223.74,Y->G->K->P->O,212.74,Y->G->J->O,1.0517
494,72.25,1.00,1.00,0.050,10000,223.74,Y->G->K->P->O,212.74,Y->G->J->O,1.0517
495,72.36,1.00,1.00,0.050,10000,223.74,Y->G->K->P->O,212.74,Y->G->J->O,1.0517
496,72.56,1.00,1.00,0.050,10000,223.74,Y->G->K->P->O,212.74,Y->G->J->O,1.0517
497,72.66,1.00,1.00,0.050,10000,223.74,Y->G->K->P->O,212.74,Y->G->J->O,1.0517
498,72.77,1.00,1.00,0.050,10000,223.74,Y->G->K->P->O,212.74,Y->G->J->O,1.0517
499,72.84,1.00,1.00,0.050,10000,223.74,Y->G->K->P->O,212.74,Y->G->J->O,1.0517
500,72.98,1.00,1.00,0.050,10000,223.74,Y->G->K->P->O,212.74,Y->G->J->O,1.0517
501,73.09,1.00,1.00,0.050,10000,223.74,Y->G->K->P->O,212.74,Y->G->J->O,1.0517
502,73.18,1.00,1.00,0.050,10000,223.74,Y->G->K->P->O,212.74,Y->G->J->O,1.0517
503,73.29,1.00,1.00,0.050,10000,223.74,Y->G->K->P->O,212.74,Y->G->J->O,1.0517
504,73.39,1.00,1.00,0.050,10000,223.74,Y->G->K->P->O,212.74,Y->G->J->O,1.0517
505,73.52,1.00,1.00,0.050,10000,223.74,Y->G->K->P->O,212.74,Y->G->J->O,1.0517
506,73.59,1.00,1.00,0.050,10000,223.74,Y->G->K->P->O,212.74,Y->G->J->O,1.0517
507,73.72,1.00,1.00,0.050,10000,223.74,Y->G->K->P->O,212.74,Y->G->J->O,1.0517
508,73.81,1.00,1.00,0.050,10000,223.74,Y->G->K->P->O,212.74,Y->G->J->O,1.0517
509,73.92,1.00,1.00,0.050,10000,223.74,Y->G->K->P->O,212.74,Y->G->J->O,1.0517
510,74.02,1.00,1.00,0.050,10000,223.74,Y->G->K->P->O,212.74,Y->G->J->O,1.0517
511,74.13,1.00,1.00,0.050,10000,223.74,Y->G->K->P->O,212.74,Y->G->J->O,1.0517
512,74.23,1.00,1.00,0.050,10000,223.74,Y->G->K->P->O,212.74,Y->G->J->O,1.0517
513,74.34,1.00,1.00,0.050,10000,223.74,Y->G->K->P->O,212.74,Y->G->J->O,1.0517
514,74.35,1.00,1.00,0.050,10000,212.74,Y->G->J->O,212.74,Y->G->J->O,1.0000
515,74.41,1.00,1.00,0.050,10000,464.19,Y->D->C->B->E->M->U->R->O,212.74,Y->G->J->O,2.1819
516,74.55,1.00,1.00,0.050,10000,223.74,Y->G->K->P->O,212.74,Y->G->J->O,1.0517
517,74.66,1.00,1.00,0.050,10000,223.74,Y->G->K->P->O,212.74,Y->G->J->O,1.0517
518,74.75,1.00,1.00,0.050,10000,223.74,Y->G->K->P->O,212.74,Y->G->J->O,1.0517
519,74.86,1.00,1.00,0.050,10000,223.74,Y->G->K->P->O,212.74,Y->G->J->O,1.0517
520,74.95,1.00,1.00,0.050,10000,223.74,Y->G->K->P->O,212.74,Y->G->J->O,1.0517
521,75.07,1.00,1.00,0.050,10000,223.74,Y->G->K->P->O,212.74,Y->G->J->O,1.0517
522,75.18,1.00,1.00,0.050,10000,223.74,Y->G->K->P->O,212.74,Y->G->J->O,1.0517
523,75.27,1.00,1.00,0.050,10000,223.74,Y->G->K->P->O,212.74,Y->G->J->O,1.0517
524,75.38,1.00,1.00,0.050,10000,223.74,Y->G->K->P->O,212.74,Y->G->J->O,1.0517
525,75.47,1.00,1.00,0.050,10000,223.74,Y->G->K->P->O,212.74,Y->G->J->O,1.0517
526,75.59,1.00,1.00,0.050,10000,223.74,Y->G->K->P->O,212.74,Y->G->J->O,1.0517
527,75.69,1.00,1.00,0.050,10000,223.74,Y->G->K->P->O,212.74,Y->G->J->O,1.0517
528,75.80,1.00,1.00,0.050,10000,223.74,Y->G->K->P->O,212.74,Y->G->J->O,1.0517
529,75.90,1.00,1.00,0.050,10000,223.74,Y->G->K->P->O,212.74,Y->G->J->O,1.0517
530,76.00,1.00,1.00,0.050,10000,223.74,Y->G->K->P->O,212.74,Y->G->J->O,1.0517
531,76.12,1.00,1.00,0.050,10000,223.74,Y->G->K->P->O,212.74,Y->G->J->O,1.0517
532,76.20,1.00,1.00,0.050,10000,223.74,Y->G->K->P->O,212.74,Y->G->J->O,1.0517
533,76.32,1.00,1.00,0.050,10000,223.74,Y->G->K->P->O,212.74,Y->G->J->O,1.0517
534,76.41,1.00,1.00,0.050,10000,223.74,Y->G->K->P->O,212.74,Y->G->J->O,1.0517
535,76.52,1.00,1.00,0.050,10000,223.74,Y->G->K->P->O,212.74,Y->G->J->O,1.0517
536,76.63,1.00,1.00,0.050,10000,223.74,Y->G->K->P->O,212.74,Y->G->J->O,1.0517
537,76.75,1.00,1.00,0.050,10000,223.74,Y->G->K->P->O,212.74,Y->G->J->O,1.0517
538,76.87,1.00,1.00,0.050,10000,223.74,Y->G->K->P->O,212.74,Y->G->J->O,1.0517
539,76.95,1.00,1.00,0.050,10000,223.74,Y->G->K->P->O,212.74,Y->G->J->O,1.0517
540,77.04,1.00,1.00,0.050,10000,223.74,Y->G->K->P->O,212.74,Y->G->J->O,1.0517
541,77.16,1.00,1.00,0.050,10000,223.74,Y->G->K->P->O,212.74,Y->G->J->O,1.0517
542,77.25,1.00,1.00,0.050,10000,223.74,Y->G->K->P->O,212.74,Y->G->J->O,1.0517
543,77.37,1.00,1.00,0.050,10000,223.74,Y->G->K->P->O,212.74,Y->G->J->O,1.0517
544,77.47,1.00,1.00,0.050,10000,223.74,Y->G->K->P->O,212.74,Y->G->J->O,1.0517
545,77.57,1.00,1.00,0.050,10000,223.74,Y->G->K->P->O,212.74,Y->G->J->O,1.0517
546,77.68,1.00,1.00,0.050,10000,223.74,Y->G->K->P->O,212.74,Y->G->J->O,1.0517
547,77.78,1.00,1.00,0.050,10000,223.74,Y->G->K->P->O,212.74,Y->G->J->O,1.0517
548,77.88,1.00,1.00,0.050,10000,223.74,Y->G->K->P->O,212.74,Y->G->J->O,1.0517
549,78.00,1.00,1.00,0.050,10000,223.74,Y->G->K->P->O,212.74,Y->G->J->O,1.0517
550,78.10,1.00,1.00,0.050,10000,223.74,Y->G->K->P->O,212.74,Y->G->J->O,1.0517
551,78.20,1.00,1.00,0.050,10000,223.74,Y->G->K->P->O,212.74,Y->G->J->O,1.0517
552,78.31,1.00,1.00,0.050,10000,223.74,Y->G->K->P->O,212.74,Y->G->J->O,1.0517
553,78.42,1.00,1.00,0.050,10000,223.74,Y->G->K->P->O,212.74,Y->G->J->O,1.0517
554,78.52,1.00,1.00,0.050,10000,223.74,Y->G->K->P->O,212.74,Y->G->J->O,1.0517
555,78.61,1.00,1.00,0.050,10000,223.74,Y->G->K->P->O,212.74,Y->G->J->O,1.0517
556,78.73,1.00,1.00,0.050,10000,223.74,Y->G->K->P->O,212.74,Y->G->J->O,1.0517
557,78.82,1.00,1.00,0.050,10000,223.74,Y->G->K->P->O,212.74,Y->G->J->O,1.0517
558,78.93,1.00,1.00,0.050,10000,223.74,Y->G->K->P->O,212.74,Y->G->J->O,1.0517
559,79.03,1.00,1.00,0.050,10000,223.74,Y->G->K->P->O,212.74,Y->G->J->O,1.0517
560,79.13,1.00,1.00,0.050,10000,223.74,Y->G->K->P->O,212.74,Y->G->J->O,1.0517
561,79.26,1.00,1.00,0.050,10000,223.74,Y->G->K->P->O,212.74,Y->G->J->O,1.0517
562,79.34,1.00,1.00,0.050,10000,223.74,Y->G->K->P->O,212.74,Y->G->J->O,1.0517
563,79.46,1.00,1.00,0.050,10000,223.74,Y->G->K->P->O,212.74,Y->G->J->O,1.0517
564,79.54,1.00,1.00,0.050,10000,223.74,Y->G->K->P->O,212.74,Y->G->J->O,1.0517
565,79.67,1.00,1.00,0.050,10000,223.74,Y->G->K->P->O,212.74,Y->G->J->O,1.0517
566,79.75,1.00,1.00,0.050,10000,223.74,Y->G->K->P->O,212.74,Y->G->J->O,1.0517
567,79.86,1.00,1.00,0.050,10000,223.74,Y->G->K->P->O,212.74,Y->G->J->O,1.0517
568,79.96,1.00,1.00,0.050,10000,223.74,Y->G->K->P->O,212.74,Y->G->J->O,1.0517
569,80.06,1.00,1.00,0.050,10000,223.74,Y->G->K->P->O,212.74,Y->G->J->O,1.0517
570,80.18,1.00,1.00,0.050,10000,223.74,Y->G->K->P->O,212.74,Y->G->J->O,1.0517
571,80.29,1.00,1.00,0.050,10000,223.74,Y->G->K->P->O,212.74,Y->G->J->O,1.0517
572,80.38,1.00,1.00,0.050,10000,223.74,Y->G->K->P->O,212.74,Y->G->J->O,1.0517
573,80.50,1.00,1.00,0.050,10000,223.74,Y->G->K->P->O,212.74,Y->G->J->O,1.0517
574,80.51,1.00,1.00,0.050,10000,212.74,Y->G->J->O,212.74,Y->G->J->O,1.0000
575,80.70,1.00,1.00,0.050,10000,223.74,Y->G->K->P->O,212.74,Y->G->J->O,1.0517
576,80.80,1.00,1.00,0.050,10000,223.74,Y->G->K->P->O,212.74,Y->G->J->O,1.0517
577,80.92,1.00,1.00,0.050,10000,223.74,Y->G->K->P->O,212.74,Y->G->J->O,1.0517
578,81.02,1.00,1.00,0.050,10000,223.74,Y->G->K->P->O,212.74,Y->G->J->O,1.0517
579,81.12,1.00,1.00,0.050,10000,223.74,Y->G->K->P->O,212.74,Y->G->J->O,1.0517
580,81.22,1.00,1.00,0.050,10000,223.74,Y->G->K->P->O,212.74,Y->G->J->O,1.0517
581,81.33,1.00,1.00,0.050,10000,223.74,Y->G->K->P->O,212.74,Y->G->J->O,1.0517
582,81.44,1.00,1.00,0.050,10000,223.74,Y->G->K->P->O,212.74,Y->G->J->O,1.0517
583,81.54,1.00,1.00,0.050,10000,223.74,Y->G->K->P->O,212.74,Y->G->J->O,1.0517
584,81.64,1.00,1.00,0.050,10000,223.74,Y->G->K->P->O,212.74,Y->G->J->O,1.0517
585,81.75,1.00,1.00,0.050,10000,223.74,Y->G->K->P->O,212.74,Y->G->J->O,1.0517
586,81.86,1.00,1.00,0.050,10000,223.74,Y->G->K->P->O,212.74,Y->G->J->O,1.0517
587,81.95,1.00,1.00,0.050,10000,223.74,Y->G->K->P->O,212.74,Y->G->J->O,1.0517
588,82.06,1.00,1.00,0.050,10000,223.74,Y->G->K->P->O,212.74,Y->G->J->O,1.0517
589,82.15,1.00,1.00,0.050,10000,223.74,Y->G->K->P->O,212.74,Y->G->J->O,1.0517
590,82.25,1.00,1.00,0.050,10000,223.74,Y->G->K->P->O,212.74,Y->G->J->O,1.0517
591,82.38,1.00,1.00,0.050,10000,223.74,Y->G->K->P->O,212.74,Y->G->J->O,1.0517
592,82.48,1.00,1.00,0.050,10000,223.74,Y->G->K->P->O,212.74,Y->G->J->O,1.0517
593,82.50,1.00,1.00,0.050,10000,212.74,Y->G->J->O,212.74,Y->G->J->O,1.0000
594,82.68,1.00,1.00,0.050,10000,223.74,Y->G->K->P->O,212.74,Y->G->J->O,1.0517
595,82.78,1.00,1.00,0.050,10000,223.74,Y->G->K->P->O,212.74,Y->G->J->O,1.0517
596,82.90,1.00,1.00,0.050,10000,223.74,Y->G->K->P->O,212.74,Y->G->J->O,1.0517
597,83.00,1.00,1.00,0.050,10000,223.74,Y->G->K->P->O,212.74,Y->G->J->O,1.0517
598,83.10,1.00,1.00,0.050,10000,223.74,Y->G->K->P->O,212.74,Y->G->J->O,1.0517
599,83.20,1.00,1.00,0.050,10000,223.74,Y->G->K->P->O,212.74,Y->G->J->O,1.0517
600,83.31,1.00,1.00,0.050,10000,223.74,Y->G->K->P->O,212.74,Y->G->J->O,1.0517
601,83.41,1.00,1.00,0.050,10000,223.74,Y->G->K->P->O,212.74,Y->G->J->O,1.0517
602,83.52,1.00,1.00,0.050,10000,223.74,Y->G->K->P->O,212.74,Y->G->J->O,1.0517
603,83.62,1.00,1.00,0.050,10000,223.74,Y->G->K->P->O,212.74,Y->G->J->O,1.0517
604,83.72,1.00,1.00,0.050,10000,223.74,Y->G->K->P->O,212.74,Y->G->J->O,1.0517
605,83.84,1.00,1.00,0.050,10000,223.74,Y->G->K->P->O,212.74,Y->G->J->O,1.0517
606,83.94,1.00,1.00,0.050,10000,223.74,Y->G->K->P->O,212.74,Y->G->J->O,1.0517
607,84.04,1.00,1.00,0.050,10000,223.74,Y->G->K->P->O,212.74,Y->G->J->O,1.0517
608,84.15,1.00,1.00,0.050,10000,223.74,Y->G->K->P->O,212.74,Y->G->J->O,1.0517
609,84.25,1.00,1.00,0.050,10000,223.74,Y->G->K->P->O,212.74,Y->G->J->O,1.0517
610,84.36,1.00,1.00,0.050,10000,223.74,Y->G->K->P->O,212.74,Y->G->J->O,1.0517
611,84.46,1.00,1.00,0.050,10000,223.74,Y->G->K->P->O,212.74,Y->G->J->O,1.0517
612,84.57,1.00,1.00,0.050,10000,223.74,Y->G->K->P->O,212.74,Y->G->J->O,1.0517
613,84.66,1.00,1.00,0.050,10000,223.74,Y->G->K->P->O,212.74,Y->G->J->O,1.0517
614,84.77,1.00,1.00,0.050,10000,223.74,Y->G->K->P->O,212.74,Y->G->J->O,1.0517
615,84.88,1.00,1.00,0.050,10000,223.74,Y->G->K->P->O,212.74,Y->G->J->O,1.0517
616,84.89,1.00,1.00,0.050,10000,212.74,Y->G->J->O,212.74,Y->G->J->O,1.0000
617,85.10,1.00,1.00,0.050,10000,223.74,Y->G->K->P->O,212.74,Y->G->J->O,1.0517
618,85.20,1.00,1.00,0.050,10000,223.74,Y->G->K->P->O,212.74,Y->G->J->O,1.0517
619,85.30,1.00,1.00,0.050,10000,223.74,Y->G->K->P->O,212.74,Y->G->J->O,1.0517
620,85.40,1.00,1.00,0.050,10000,223.74,Y->G->K->P->O,212.74,Y->G->J->O,1.0517
621,85.50,1.00,1.00,0.050,10000,223.74,Y->G->K->P->O,212.74,Y->G->J->O,1.0517
622,85.52,1.00,1.00,0.050,10000,212.74,Y->G->J->O,212.74,Y->G->J->O,1.0000
623,85.70,1.00,1.00,0.050,10000,223.74,Y->G->K->P->O,212.74,Y->G->J->O,1.0517
624,85.82,1.00,1.00,0.050,10000,223.74,Y->G->K->P->O,212.74,Y->G->J->O,1.0517
625,85.91,1.00,1.00,0.050,10000,223.74,Y->G->K->P->O,212.74,Y->G->J->O,1.0517
626,86.02,1.00,1.00,0.050,10000,223.74,Y->G->K->P->O,212.74,Y->G->J->O,1.0517
627,86.12,1.00,1.00,0.050,10000,223.74,Y->G->K->P->O,212.74,Y->G->J->O,1.0517
628,86.23,1.00,1.00,0.050,10000,223.74,Y->G->K->P->O,212.74,Y->G->J->O,1.0517
629,86.34,1.00,1.00,0.050,10000,223.74,Y->G->K->P->O,212.74,Y->G->J->O,1.0517
630,86.35,1.00,1.00,0.050,10000,212.74,Y->G->J->O,212.74,Y->G->J->O,1.0000
631,86.55,1.00,1.00,0.050,10000,223.74,Y->G->K->P->O,212.74,Y->G->J->O,1.0517
632,86.66,1.00,1.00,0.050,10000,223.74,Y->G->K->P->O,212.74,Y->G->J->O,1.0517
633,86.75,1.00,1.00,0.050,10000,223.74,Y->G->K->P->O,212.74,Y->G->J->O,1.0517
634,86.86,1.00,1.00,0.050,10000,223.74,Y->G->K->P->O,212.74,Y->G->J->O,1.0517
635,86.97,1.00,1.00,0.050,10000,223.74,Y->G->K->P->O,212.74,Y->G->J->O,1.0517
636,87.06,1.00,1.00,0.050,10000,223.74,Y->G->K->P->O,212.74,Y->G->J->O,1.0517
637,87.18,1.00,1.00,0.050,10000,223.74,Y->G->K->P->O,212.74,Y->G->J->O,1.0517
638,87.26,1.00,1.00,0.050,10000,223.74,Y->G->K->P->O,212.74,Y->G->J->O,1.0517
639,87.39,1.00,1.00,0.050,10000,223.74,Y->G->K->P->O,212.74,Y->G->J->O,1.0517
640,87.47,1.00,1.00,0.050,10000,223.74,Y->G->K->P->O,212.74,Y->G->J->O,1.0517
641,87.59,1.00,1.00,0.050,10000,223.74,Y->G->K->P->O,212.74,Y->G->J->O,1.0517
642,87.68,1.00,1.00,0.050,10000,223.74,Y->G->K->P->O,212.74,Y->G->J->O,1.0517
643,87.79,1.00,1.00,0.050,10000,223.74,Y->G->K->P->O,212.74,Y->G->J->O,1.0517
644,87.88,1.00,1.00,0.050,10000,223.74,Y->G->K->P->O,212.74,Y->G->J->O,1.0517
645,88.02,1.00,1.00,0.050,10000,223.74,Y->G->K->P->O,212.74,Y->G->J->O,1.0517
646,88.12,1.00,1.00,0.050,10000,223.74,Y->G->K->P->O,212.74,Y->G->J->O,1.0517
647,88.23,1.00,1.00,0.050,10000,223.74,Y->G->K->P->O,212.74,Y->G->J->O,1.0517
648,88.32,1.00,1.00,0.050,10000,223.74,Y->G->K->P->O,212.74,Y->G->J->O,1.0517
649,88.44,1.00,1.00,0.050,10000,223.74,Y->G->K->P->O,212.74,Y->G->J->O,1.0517
650,88.53,1.00,1.00,0.050,10000,223.74,Y->G->K->P->O,212.74,Y->G->J->O,1.0517
651,88.65,1.00,1.00,0.050,10000,223.74,Y->G->K->P->O,212.74,Y->G->J->O,1.0517
652,88.75,1.00,1.00,0.050,10000,212.74,Y->G->J->O,212.74,Y->G->J->O,1.0000
653,88.75,1.00,1.00,0.050,10000,223.74,Y->G->K->P->O,212.74,Y->G->J->O,1.0517
654,88.96,1.00,1.00,1.000,10000,223.74,Y->G->K->P->O,212.74,Y->G->J->O,1.0517
655,89.04,1.00,1.00,1.000,10000,223.74,Y->G->K->P->O,212.74,Y->G->J->O,1.0517
656,89.16,1.00,1.00,1.000,10000,223.74,Y->G->K->P->O,212.74,Y->G->J->O,1.0517
657,89.36,1.00,1.00,1.000,10000,223.74,Y->G->K->P->O,212.74,Y->G->J->O,1.0517
658,89.48,1.00,1.00,1.000,10000,223.74,Y->G->K->P->O,212.74,Y->G->J->O,1.0517
659,89.56,1.00,1.00,1.000,10000,223.74,Y->G->K->P->O,212.74,Y->G->J->O,1.0517
660,89.77,1.00,1.00,1.000,10000,223.74,Y->G->K->P->O,212.74,Y->G->J->O,1.0517
661,89.88,1.00,1.00,1.000,10000,223.74,Y->G->K->P->O,212.74,Y->G->J->O,1.0517
662,89.98,1.00,1.00,1.000,10000,223.74,Y->G->K->P->O,212.74,Y->G->J->O,1.0517
663,90.10,1.00,1.00,1.000,10000,223.74,Y->G->K->P->O,212.74,Y->G->J->O,1.0517
664,90.19,1.00,1.00,1.000,10000,223.74,Y->G->K->P->O,212.74,Y->G->J->O,1.0517
665,90.31,1.00,1.00,1.000,10000,223.74,Y->G->K->P->O,212.74,Y->G->J->O,1.0517
666,90.39,1.00,1.00,1.000,10000,223.74,Y->G->K->P->O,212.74,Y->G->J->O,1.0517
667,90.52,1.00,1.00,1.000,10000,223.74,Y->G->K->P->O,212.74,Y->G->J->O,1.0517
668,90.62,1.00,1.00,1.000,10000,223.74,Y->G->K->P->O,212.74,Y->G->J->O,1.0517
669,90.72,1.00,1.00,1.000,10000,223.74,Y->G->K->P->O,212.74,Y->G->J->O,1.0517
670,90.81,1.00,1.00,1.000,10000,223.74,Y->G->K->P->O,212.74,Y->G->J->O,1.0517
671,90.94,1.00,1.00,1.000,10000,223.74,Y->G->K->P->O,212.74,Y->G->J->O,1.0517
672,91.02,1.00,1.00,1.000,10000,223.74,Y->G->K->P->O,212.74,Y->G->J->O,1.0517
673,91.14,1.00,1.00,1.000,10000,223.74,Y->G->K->P->O,212.74,Y->G->J->O,1.0517
674,91.24,1.00,1.00,1.000,10000,223.74,Y->G->K->P->O,212.74,Y->G->J->O,1.0517
675,91.34,1.00,1.00,1.000,10000,223.74,Y->G->K->P->O,212.74,Y->G->J->O,1.0517
676,91.44,1.00,1.00,1.000,10000,223.74,Y->G->K->P->O,212.74,Y->G->J->O,1.0517
677,91.57,1.00,1.00,1.000,10000,223.74,Y->G->K->P->O,212.74,Y->G->J->O,1.0517
678,91.65,1.00,1.00,1.000,10000,223.74,Y->G->K->P->O,212.74,Y->G->J->O,1.0517
679,91.86,1.00,1.00,1.000,10000,223.74,Y->G->K->P->O,212.74,Y->G->J->O,1.0517
680,91.97,1.00,1.00,1.000,10000,223.74,Y->G->K->P->O,212.74,Y->G->J->O,1.0517
681,92.08,1.00,1.00,1.000,10000,223.74,Y->G->K->P->O,212.74,Y->G->J->O,1.0517
682,92.29,1.00,1.00,1.000,10000,223.74,Y->G->K->P->O,212.74,Y->G->J->O,1.0517
683,92.40,1.00,1.00,1.000,10000,223.74,Y->G->K->P->O,212.74,Y->G->J->O,1.0517
684,92.50,1.00,1.00,1.000,10000,223.74,Y->G->K->P->O,212.74,Y->G->J->O,1.0517
685,92.62,1.00,1.00,1.000,10000,223.74,Y->G->K->P->O,212.74,Y->G->J->O,1.0517
686,92.70,1.00,1.00,1.000,10000,223.74,Y->G->K->P->O,212.74,Y->G->J->O,1.0517
687,92.92,1.00,1.00,1.000,10000,223.74,Y->G->K->P->O,212.74,Y->G->J->O,1.0517
688,93.02,1.00,1.00,1.000,10000,223.74,Y->G->K->P->O,212.74,Y->G->J->O,1.0517
689,93.13,1.00,1.00,1.000,10000,223.74,Y->G->K->P->O,212.74,Y->G->J->O,1.0517
690,93.25,1.00,1.00,1.000,10000,223.74,Y->G->K->P->O,212.74,Y->G->J->O,1.0517
691,93.34,1.00,1.00,1.000,10000,223.74,Y->G->K->P->O,212.74,Y->G->J->O,1.0517
692,93.43,1.00,1.00,1.000,10000,223.74,Y->G->K->P->O,212.74,Y->G->J->O,1.0517
693,93.56,1.00,1.00,1.000,10000,223.74,Y->G->K->P->O,212.74,Y->G->J->O,1.0517
694,93.63,1.00,1.00,1.000,10000,223.74,Y->G->K->P->O,212.74,Y->G->J->O,1.0517
695,93.76,1.00,1.00,1.000,10000,223.74,Y->G->K->P->O,212.74,Y->G->J->O,1.0517
696,93.96,1.00,1.00,1.000,10000,223.74,Y->G->K->P->O,212.74,Y->G->J->O,1.0517
697,94.06,1.00,1.00,1.000,10000,223.74,Y->G->K->P->O,212.74,Y->G->J->O,1.0517
698,94.27,1.00,1.00,1.000,10000,223.74,Y->G->K->P->O,212.74,Y->G->J->O,1.0517
699,94.30,1.00,1.00,1.000,10000,829.91,Y->G->K->P->S->V->S->W->U->R->Q->N->E->B->C->F->J->O,212.74,Y->G->J->O,3.9010
700,94.39,1.00,1.00,1.000,10000,223.74,Y->G->K->P->O,212.74,Y->G->J->O,1.0517
701,94.47,1.00,1.00,1.000,10000,223.74,Y->G->K->P->O,212.74,Y->G->J->O,1.0517
702,94.52,1.00,1.00,1.000,10000,504.58,Y->G->J->F->E->I->L->M->Q->N->J->O,212.74,Y->G->J->O,2.3718
703,94.59,1.00,1.00,1.000,10000,223.74,Y->G->K->P->O,212.74,Y->G->J->O,1.0517
704,94.68,1.00,1.00,1.000,10000,223.74,Y->G->K->P->O,212.74,Y->G->J->O,1.0517
705,94.80,1.00,1.00,1.000,10000,223.74,Y->G->K->P->O,212.74,Y->G->J->O,1.0517
706,94.91,1.00,1.00,1.000,10000,223.74,Y->G->K->P->O,212.74,Y->G->J->O,1.0517
707,95.00,1.00,1.00,1.000,10000,223.74,Y->G->K->P->O,212.74,Y->G->J->O,1.0517
708,95.12,1.00,1.00,1.000,10000,223.74,Y->G->K->P->O,212.74,Y->G->J->O,1.0517
709,95.22,1.00,1.00,1.000,10000,223.74,Y->G->K->P->O,212.74,Y->G->J->O,1.0517
710,95.33,1.00,1.00,1.000,10000,223.74,Y->G->K->P->O,212.74,Y->G->J->O,1.0517
711,95.44,1.00,1.00,1.000,10000,223.74,Y->G->K->P->O,212.74,Y->G->J->O,1.0517
712,95.52,1.00,1.00,1.000,10000,223.74,Y->G->K->P->O,212.74,Y->G->J->O,1.0517
713,95.65,1.00,1.00,1.000,10000,223.74,Y->G->K->P->O,212.74,Y->G->J->O,1.0517
714,95.72,1.00,1.00,1.000,10000,223.74,Y->G->K->P->O,212.74,Y->G->J->O,1.0517
715,95.95,1.00,1.00,1.000,10000,223.74,Y->G->K->P->O,212.74,Y->G->J->O,1.0517
716,96.05,1.00,1.00,1.000,10000,223.74,Y->G->K->P->O,212.74,Y->G->J->O,1.0517
717,96.16,1.00,1.00,1.000,10000,223.74,Y->G->K->P->O,212.74,Y->G->J->O,1.0517
718,96.38,1.00,1.00,1.000,10000,223.74,Y->G->K->P->O,212.74,Y->G->J->O,1.0517
719,96.45,1.00,1.00,1.000,10000,223.74,Y->G->K->P->O,212.74,Y->G->J->O,1.0517
720,96.59,1.00,1.00,1.000,10000,223.74,Y->G->K->P->O,212.74,Y->G->J->O,1.0517
721,96.68,1.00,1.00,1.000,10000,223.74,Y->G->K->P->O,212.74,Y->G->J->O,1.0517
722,96.78,1.00,1.00,1.000,10000,223.74,Y->G->K->P->O,212.74,Y->G->J->O,1.0517
723,96.88,1.00,1.00,1.000,10000,223.74,Y->G->K->P->O,212.74,Y->G->J->O,1.0517
724,96.99,1.00,1.00,1.000,10000,223.74,Y->G->K->P->O,212.74,Y->G->J->O,1.0517
725,97.20,1.00,1.00,1.000,10000,223.74,Y->G->K->P->O,212.74,Y->G->J->O,1.0517
726,97.31,1.00,1.00,1.000,10000,223.74,Y->G->K->P->O,212.74,Y->G->J->O,1.0517
727,97.51,1.00,1.00,1.000,10000,223.74,Y->G->K->P->O,212.74,Y->G->J->O,1.0517
728,97.74,1.00,1.00,1.000,10000,223.74,Y->G->K->P->O,212.74,Y->G->J->O,1.0517
729,97.80,1.00,1.00,1.000,10000,1200.40,Y->G->D->C->A->B->H->L->I->E->M->Q->N->J->F->B->A->D->Y->G->K->P->O,212.74,Y->G->J->O,5.6425
730,97.84,1.00,1.00,1.000,10000,223.74,Y->G->K->P->O,212.74,Y->G->J->O,1.0517
731,97.94,1.00,1.00,1.000,10000,223.74,Y->G->K->P->O,212.74,Y->G->J->O,1.0517
732,97.96,1.00,1.00,1.000,10000,970.94,Y->G->K->P->S->W->U->R->Q->N->M->E->I->L->H->B->C->F->J->O,212.74,Y->G->J->O,4.5639
733,98.02,1.00,1.00,1.000,10000,223.74,Y->G->K->P->O,212.74,Y->G->J->O,1.0517
734,98.10,1.00,1.00,1.000,10000,857.28,Y->G->J->N->Q->R->U->P->S->V->S->T->S->W->S->P->O,212.74,Y->G->J->O,4.0297
735,98.14,1.00,1.00,1.000,10000,223.74,Y->G->K->P->O,212.74,Y->G->J->O,1.0517
736,98.24,1.00,1.00,1.000,10000,223.74,Y->G->K->P->O,212.74,Y->G->J->O,1.0517
737,98.36,1.00,1.00,1.000,10000,223.74,Y->G->K->P->O,212.74,Y->G->J->O,1.0517
738,98.46,1.00,1.00,1.000,10000,223.74,Y->G->K->P->O,212.74,Y->G->J->O,1.0517
739,98.55,1.00,1.00,1.000,10000,223.74,Y->G->K->P->O,212.74,Y->G->J->O,1.0517
740,98.67,1.00,1.00,1.000,10000,223.74,Y->G->K->P->O,212.74,Y->G->J->O,1.0517
741,98.77,1.00,1.00,1.000,10000,223.74,Y->G->K->P->O,212.74,Y->G->J->O,1.0517
742,98.87,1.00,1.00,1.000,10000,591.60,Y->D->A->C->F->E->M->N->J->G->K->P->O,212.74,Y->G->J->O,2.7808
743,98.98,1.00,1.00,1.000,10000,223.74,Y->G->K->P->O,212.74,Y->G->J->O,1.0517
744,99.09,1.00,1.00,1.000,10000,223.74,Y->G->K->P->O,212.74,Y->G->J->O,1.0517
745,99.29,1.00,1.00,1.000,10000,223.74,Y->G->K->P->O,212.74,Y->G->J->O,1.0517
746,99.37,1.00,1.00,1.000,10000,223.74,Y->G->K->P->O,212.74,Y->G->J->O,1.0517
747,99.49,1.00,1.00,1.000,10000,223.74,Y->G->K->P->O,212.74,Y->G->J->O,1.0517
748,99.56,1.00,1.00,1.000,10000,874.36,Y->G->K->P->S->W->U->L->H->B->A->D->C->F->J->O,212.74,Y->G->J->O,4.1100
749,99.58,1.00,1.00,1.000,10000,223.74,Y->G->K->P->O,212.74,Y->G->J->O,1.0517
750,99.91,1.00,1.00,1.000,10000,223.74,Y->G->K->P->O,212.74,Y->G->J->O,1.0517
751,100.02,1.00,1.00,1.000,10000,223.74,Y->G->K->P->O,212.74,Y->G->J->O,1.0517
752,100.11,1.00,1.00,1.000,10000,223.74,Y->G->K->P->O,212.74,Y->G->J->O,1.0517
753,100.30,1.00,1.00,1.000,10000,292.23,Y->D->G->K->P->O,212.74,Y->G->J->O,1.3736
754,100.33,1.00,1.00,1.000,10000,223.74,Y->G->K->P->O,212.74,Y->G->J->O,1.0517
755,100.40,1.00,1.00,1.000,10000,408.36,Y->G->K->P->U->Q->R->O,212.74,Y->G->J->O,1.9195
756,100.43,1.00,1.00,1.000,10000,223.74,Y->G->K->P->O,212.74,Y->G->J->O,1.0517
757,100.55,1.00,1.00,1.000,10000,223.74,Y->G->K->P->O,212.74,Y->G->J->O,1.0517
758,100.96,1.00,1.00,1.000,10000,223.74,Y->G->K->P->O,212.74,Y->G->J->O,1.0517
759,101.06,1.00,1.00,1.000,10000,223.74,Y->G->K->P->O,212.74,Y->G->J->O,1.0517
760,101.18,1.00,1.00,1.000,10000,223.74,Y->G->K->P->O,212.74,Y->G->J->O,1.0517
761,101.27,1.00,1.00,1.000,10000,223.74,Y->G->K->P->O,212.74,Y->G->J->O,1.0517
762,101.38,1.00,1.00,1.000,10000,223.74,Y->G->K->P->O,212.74,Y->G->J->O,1.0517
763,101.48,1.00,1.00,1.000,10000,223.74,Y->G->K->P->O,212.74,Y->G->J->O,1.0517
764,101.69,1.00,1.00,1.000,10000,223.74,Y->G->K->P->O,212.74,Y->G->J->O,1.0517
765,101.79,1.00,1.00,1.000,10000,223.74,Y->G->K->P->O,212.74,Y->G->J->O,1.0517
766,101.89,1.00,1.00,1.000,10000,223.74,Y->G->K->P->O,212.74,Y->G->J->O,1.0517
767,101.93,1.00,1.00,1.000,10000,739.13,Y->G->K->P->S->V->S->W->U->Q->M->E->F->J->O,212.74,Y->G->J->O,3.4743
768,102.01,1.00,1.00,1.000,10000,223.74,Y->G->K->P->O,212.74,Y->G->J->O,1.0517
769,102.22,1.00,1.00,1.000,10000,223.74,Y->G->K->P->O,212.74,Y->G->J->O,1.0517
770,102.31,1.00,1.00,1.000,10000,223.74,Y->G->K->P->O,212.74,Y->G->J->O,1.0517
771,102.42,1.00,1.00,1.000,10000,223.74,Y->G->K->P->O,212.74,Y->G->J->O,1.0517
772,102.52,1.00,1.00,1.000,10000,223.74,Y->G->K->P->O,212.74,Y->G->J->O,1.0517
773,102.54,1.00,1.00,1.000,10000,212.74,Y->G->J->O,212.74,Y->G->J->O,1.0000
774,102.72,1.00,1.00,1.000,10000,1288.82,Y->G->K->P->S->T->S->W->U->R->Q->M->E->F->C->B->A->D->C->B->H->L->I->E->N->J->O,212.74,Y->G->J->O,6.0581
775,102.73,1.00,1.00,1.000,10000,223.74,Y->G->K->P->O,212.74,Y->G->J->O,1.0517
776,102.83,1.00,1.00,1.000,10000,223.74,Y->G->K->P->O,212.74,Y->G->J->O,1.0517
777,102.93,1.00,1.00,1.000,10000,223.74,Y->G->K->P->O,212.74,Y->G->J->O,1.0517
778,103.03,1.00,1.00,1.000,10000,223.74,Y->G->K->P->O,212.74,Y->G->J->O,1.0517
779,103.15,1.00,1.00,1.000,10000,223.74,Y->G->K->P->O,212.74,Y->G->J->O,1.0517
780,103.26,1.00,1.00,1.000,10000,223.74,Y->G->K->P->O,212.74,Y->G->J->O,1.0517
781,103.31,1.00,1.00,1.000,10000,645.11,Y->G->K->P->S->V->S->T->S->W->U->R->O,212.74,Y->G->J->O,3.0324
782,103.35,1.00,1.00,1.000,10000,223.74,Y->G->K->P->O,212.74,Y->G->J->O,1.0517
783,103.46,1.00,1.00,1.000,10000,223.74,Y->G->K->P->O,212.74,Y->G->J->O,1.0517
784,103.48,1.00,1.00,1.000,10000,389.70,Y->G->D->A->C->B->F->J->O,212.74,Y->G->J->O,1.8318
785,103.88,1.00,1.00,1.000,10000,223.74,Y->G->K->P->O,212.74,Y->G->J->O,1.0517
786,103.98,1.00,1.00,1.000,10000,223.74,Y->G->K->P->O,212.74,Y->G->J->O,1.0517
787,104.06,1.00,1.00,1.000,10000,1028.08,Y->G->K->P->S->T->S->W->U->M->L->H->B->E->I->L->M->N->J->O,212.74,Y->G->J->O,4.8325
788,104.10,1.00,1.00,1.000,10000,223.74,Y->G->K->P->O,212.74,Y->G->J->O,1.0517
789,104.18,1.00,1.00,1.000,10000,223.74,Y->G->K->P->O,212.74,Y->G->J->O,1.0517
790,104.27,1.00,1.00,1.000,10000,1189.23,Y->G->K->P->S->T->S->V->S->W->U->R->Q->M->L->H->B->F->E->I->E->N->J->O,212.74,Y->G->J->O,5.5900
791,104.30,1.00,1.00,1.000,10000,223.74,Y->G->K->P->O,212.74,Y->G->J->O,1.0517
792,104.39,1.00,1.00,1.000,10000,223.74,Y->G->K->P->O,212.74,Y->G->J->O,1.0517
793,104.51,1.00,1.00,1.000,10000,223.74,Y->G->K->P->O,212.74,Y->G->J->O,1.0517
794,104.60,1.00,1.00,1.000,10000,223.74,Y->G->K->P->O,212.74,Y->G->J->O,1.0517
795,104.73,1.00,1.00,1.000,10000,223.74,Y->G->K->P->O,212.74,Y->G->J->O,1.0517
796,104.81,1.00,1.00,1.000,10000,223.74,Y->G->K->P->O,212.74,Y->G->J->O,1.0517
797,104.93,1.00,1.00,1.000,10000,223.74,Y->G->K->P->O,212.74,Y->G->J->O,1.0517
798,105.02,1.00,1.00,1.000,10000,223.74,Y->G->K->P->O,212.74,Y->G->J->O,1.0517
799,105.12,1.00,1.00,1.000,10000,223.74,Y->G->K->P->O,212.74,Y->G->J->O,1.0517
800,105.22,1.00,1.00,1.000,10000,223.74,Y->G->K->P->O,212.74,Y->G->J->O,1.0517
801,105.33,1.00,1.00,1.000,10000,223.74,Y->G->K->P->O,212.74,Y->G->J->O,1.0517
802,105.43,1.00,1.00,1.000,10000,223.74,Y->G->K->P->O,212.74,Y->G->J->O,1.0517
803,105.58,1.00,1.00,1.000,10000,871.48,Y->G->D->C->F->E->B->A->C->A->D->C->D->Y->G->K->P->O,212.74,Y->G->J->O,4.0964
804,105.75,1.00,1.00,1.000,10000,223.74,Y->G->K->P->O,212.74,Y->G->J->O,1.0517
805,105.77,1.00,1.00,1.000,10000,212.74,Y->G->J->O,212.74,Y->G->J->O,1.0000
806,105.85,1.00,1.00,1.000,10000,1030.27,Y->G->K->P->S->V->S->W->U->L->H->B->E->I->L->M->N->Q->R->O,212.74,Y->G->J->O,4.8428
807,106.04,1.00,1.00,1.000,10000,223.74,Y->G->K->P->O,212.74,Y->G->J->O,1.0517
808,106.15,1.00,1.00,1.000,10000,223.74,Y->G->K->P->O,212.74,Y->G->J->O,1.0517
809,106.25,1.00,1.00,1.000,10000,223.74,Y->G->K->P->O,212.74,Y->G->J->O,1.0517
810,106.29,1.00,1.00,1.000,10000,212.74,Y->G->J->O,212.74,Y->G->J->O,1.0000
811,106.30,1.00,1.00,1.000,10000,1339.67,Y->G->K->P->S->W->U->R->Q->N->J->F->C->D->A->B->E->I->L->M->E->I->E->N->Q->N->Q->M->N->J->O,212.74,Y->G->J->O,6.2971
812,106.58,1.00,1.00,1.000,10000,223.74,Y->G->K->P->O,212.74,Y->G->J->O,1.0517
813,106.67,1.00,1.00,1.000,10000,223.74,Y->G->K->P->O,212.74,Y->G->J->O,1.0517
814,106.73,1.00,1.00,1.000,10000,370.00,Y->D->A->B->C->F->J->O,212.74,Y->G->J->O,1.7392
815,106.80,1.00,1.00,1.000,10000,223.74,Y->G->K->P->O,212.74,Y->G->J->O,1.0517
816,106.88,1.00,1.00,1.000,10000,223.74,Y->G->K->P->O,212.74,Y->G->J->O,1.0517
817,106.99,1.00,1.00,1.000,10000,223.74,Y->G->K->P->O,212.74,Y->G->J->O,1.0517
818,107.08,1.00,1.00,1.000,10000,223.74,Y->G->K->P->O,212.74,Y->G->J->O,1.0517
819,107.16,1.00,1.00,1.000,10000,658.80,Y->D->A->C->B->F->E->N->M->Q->U->P->O,212.74,Y->G->J->O,3.0967
820,107.20,1.00,1.00,1.000,10000,223.74,Y->G->K->P->O,212.74,Y->G->J->O,1.0517
821,107.30,1.00,1.00,1.000,10000,645.11,Y->G->K->P->S->T->S->V->S->W->U->R->O,212.74,Y->G->J->O,3.0324
822,107.33,1.00,1.00,1.000,10000,223.74,Y->G->K->P->O,212.74,Y->G->J->O,1.0517
823,107.52,1.00,1.00,1.000,10000,223.74,Y->G->K->P->O,212.74,Y->G->J->O,1.0517
824,107.63,1.00,1.00,1.000,10000,223.74,Y->G->K->P->O,212.74,Y->G->J->O,1.0517
825,107.93,1.00,1.00,1.000,10000,223.74,Y->G->K->P->O,212.74,Y->G->J->O,1.0517
826,108.06,1.00,1.00,1.000,10000,223.74,Y->G->K->P->O,212.74,Y->G->J->O,1.0517
827,108.15,1.00,1.00,1.000,10000,223.74,Y->G->K->P->O,212.74,Y->G->J->O,1.0517
828,108.26,1.00,1.00,1.000,10000,223.74,Y->G->K->P->O,212.74,Y->G->J->O,1.0517
829,108.36,1.00,1.00,1.000,10000,223.74,Y->G->K->P->O,212.74,Y->G->J->O,1.0517
830,108.47,1.00,1.00,1.000,10000,223.74,Y->G->K->P->O,212.74,Y->G->J->O,1.0517
831,108.56,1.00,1.00,1.000,10000,223.74,Y->G->K->P->O,212.74,Y->G->J->O,1.0517
832,108.67,1.00,1.00,1.000,10000,223.74,Y->G->K->P->O,212.74,Y->G->J->O,1.0517
833,108.88,1.25,1.00,1.000,10000,223.74,Y->G->K->P->O,212.74,Y->G->J->O,1.0517
834,108.96,1.75,1.00,1.000,10000,583.63,Y->G->K->P->S->T->S->W->U->Q->R->O,212.74,Y->G->J->O,2.7434
835,108.99,1.75,1.00,1.000,10000,223.74,Y->G->K->P->O,212.74,Y->G->J->O,1.0517
836,109.21,2.50,1.00,1.000,10000,223.74,Y->G->K->P->O,212.74,Y->G->J->O,1.0517
837,109.30,2.50,1.00,1.000,10000,223.74,Y->G->K->P->O,212.74,Y->G->J->O,1.0517
838,109.47,2.50,1.00,1.000,10000,1262.06,Y->D->A->B->C->F->E->I->L->H->B->A->B->A->C->D->G->J->N->Q->M->U->W->S->P->O,212.74,Y->G->J->O,5.9323
839,109.51,3.00,1.00,1.000,10000,223.74,Y->G->K->P->O,212.74,Y->G->J->O,1.0517
840,109.72,3.00,1.00,1.000,10000,223.74,Y->G->K->P->O,212.74,Y->G->J->O,1.0517
841,109.81,3.00,1.00,1.000,10000,223.74,Y->G->K->P->O,212.74,Y->G->J->O,1.0517
842,109.91,3.00,1.00,1.000,10000,979.51,Y->G->K->P->S->V->S->T->S->W->U->L->I->E->B->A->C->F->J->O,212.74,Y->G->J->O,4.6042
843,109.92,3.00,1.00,1.000,10000,223.74,Y->G->K->P->O,212.74,Y->G->J->O,1.0517
844,110.02,3.00,1.00,1.000,10000,223.74,Y->G->K->P->O,212.74,Y->G->J->O,1.0517
845,110.05,3.00,1.00,1.000,10000,1359.92,Y->G->J->F->B->C->A->D->Y->D->C->F->E->I->L->H->B->H->L->M->N->Q->U->R->O,212.74,Y->G->J->O,6.3923
846,110.15,3.00,1.00,1.000,10000,223.74,Y->G->K->P->O,212.74,Y->G->J->O,1.0517
847,110.19,3.00,1.00,1.000,10000,507.00,Y->D->C->B->A->C->F->J->G->K->P->O,212.74,Y->G->J->O,2.3831
848,110.24,3.00,1.00,1.000,10000,223.74,Y->G->K->P->O,212.74,Y->G->J->O,1.0517
849,110.35,3.00,1.00,1.000,10000,223.74,Y->G->K->P->O,212.74,Y->G->J->O,1.0517
850,110.46,3.00,1.00,1.000,10000,223.74,Y->G->K->P->O,212.74,Y->G->J->O,1.0517
851,110.57,3.00,1.00,1.000,10000,223.74,Y->G->K->P->O,212.74,Y->G->J->O,1.0517
852,110.67,3.00,1.00,1.000,10000,223.74,Y->G->K->P->O,212.74,Y->G->J->O,1.0517
853,110.77,3.00,1.00,1.000,10000,223.74,Y->G->K->P->O,212.74,Y->G->J->O,1.0517
854,110.87,3.00,1.00,1.000,10000,223.74,Y->G->K->P->O,212.74,Y->G->J->O,1.0517
855,110.97,3.00,1.00,1.000,10000,223.74,Y->G->K->P->O,212.74,Y->G->J->O,1.0517
856,111.04,3.00,1.00,1.000,10000,496.09,Y->D->C->A->B->F->J->G->K->P->O,212.74,Y->G->J->O,2.3319
857,111.08,3.00,1.00,1.000,10000,223.74,Y->G->K->P->O,212.74,Y->G->J->O,1.0517
858,111.17,3.00,1.00,1.000,10000,223.74,Y->G->K->P->O,212.74,Y->G->J->O,1.0517
859,111.20,3.00,1.00,1.000,10000,1388.80,Y->G->K->P->S->T->S->V->S->W->U->Q->N->M->L->I->E->B->F->C->D->A->B->H->B->F->J->O,212.74,Y->G->J->O,6.5281
860,111.28,3.00,1.00,1.000,10000,802.10,Y->G->D->C->A->B->F->J->N->Q->R->U->W->S->V->S->P->O,212.74,Y->G->J->O,3.7703
861,111.28,3.00,1.00,1.000,10000,223.74,Y->G->K->P->O,212.74,Y->G->J->O,1.0517
862,111.39,3.00,1.00,1.000,10000,223.74,Y->G->K->P->O,212.74,Y->G->J->O,1.0517
863,111.49,3.00,1.00,1.000,10000,223.74,Y->G->K->P->O,212.74,Y->G->J->O,1.0517
864,111.58,3.00,1.00,1.000,10000,945.16,Y->G->D->C->B->A->B->E->I->L->U->Q->N->M->L->H->B->F->J->O,212.74,Y->G->J->O,4.4427
865,111.58,3.00,1.00,1.000,10000,223.74,Y->G->K->P->O,212.74,Y->G->J->O,1.0517
866,111.70,3.00,1.00,1.000,10000,223.74,Y->G->K->P->O,212.74,Y->G->J->O,1.0517
867,111.78,3.00,1.00,1.000,10000,223.74,Y->G->K->P->O,212.74,Y->G->J->O,1.0517
868,111.91,3.00,1.00,0.600,10000,223.74,Y->G->K->P->O,212.74,Y->G->J->O,1.0517
869,112.03,3.00,1.00,0.500,10000,223.74,Y->G->K->P->O,212.74,Y->G->J->O,1.0517
870,112.12,3.00,1.00,0.450,10000,1596.37,Y->G->J->N->Q->M->E->F->C->A->D->Y->D->Y->D->A->B->H->L->I->L->U->P->O,212.74,Y->G->J->O,7.5037
871,112.12,3.00,1.00,0.450,10000,223.74,Y->G->K->P->O,212.74,Y->G->J->O,1.0517
872,112.24,3.00,1.00,0.400,10000,223.74,Y->G->K->P->O,212.74,Y->G->J->O,1.0517
873,112.32,3.00,1.00,0.400,10000,223.74,Y->G->K->P->O,212.74,Y->G->J->O,1.0517
874,112.45,3.00,1.00,0.400,10000,223.74,Y->G->K->P->O,212.74,Y->G->J->O,1.0517
875,112.52,3.00,1.00,0.350,10000,223.74,Y->G->K->P->O,212.74,Y->G->J->O,1.0517
876,112.64,3.00,1.00,0.350,10000,223.74,Y->G->K->P->O,212.74,Y->G->J->O,1.0517
877,112.74,3.00,1.00,0.300,10000,223.74,Y->G->K->P->O,212.74,Y->G->J->O,1.0517
878,112.85,3.00,1.00,0.300,10000,223.74,Y->G->K->P->O,212.74,Y->G->J->O,1.0517
879,112.95,3.00,1.00,0.300,10000,223.74,Y->G->K->P->O,212.74,Y->G->J->O,1.0517
880,113.06,3.00,1.00,0.150,10000,223.74,Y->G->K->P->O,212.74,Y->G->J->O,1.0517
881,113.17,3.00,1.00,0.100,10000,223.74,Y->G->K->P->O,212.74,Y->G->J->O,1.0517
882,113.28,3.00,1.00,0.100,10000,223.74,Y->G->K->P->O,212.74,Y->G->J->O,1.0517
883,113.36,3.00,1.00,0.100,10000,223.74,Y->G->K->P->O,212.74,Y->G->J->O,1.0517
884,113.49,3.00,1.00,0.100,10000,223.74,Y->G->K->P->O,212.74,Y->G->J->O,1.0517
885,113.57,3.00,1.00,0.100,10000,223.74,Y->G->K->P->O,212.74,Y->G->J->O,1.0517
886,113.70,3.00,1.00,0.100,10000,223.74,Y->G->K->P->O,212.74,Y->G->J->O,1.0517
887,113.79,3.00,1.00,0.100,10000,223.74,Y->G->K->P->O,212.74,Y->G->J->O,1.0517
888,113.90,3.00,1.00,0.100,10000,223.74,Y->G->K->P->O,212.74,Y->G->J->O,1.0517
889,113.91,3.00,1.00,0.100,10000,969.09,Y->G->K->P->S->T->S->W->U->L->H->B->E->N->M->Q->R->O,212.74,Y->G->J->O,4.5552
890,114.01,3.00,1.00,0.100,10000,223.74,Y->G->K->P->O,212.74,Y->G->J->O,1.0517
891,114.11,3.00,1.00,0.100,10000,223.74,Y->G->K->P->O,212.74,Y->G->J->O,1.0517
892,114.21,3.00,1.00,0.100,10000,223.74,Y->G->K->P->O,212.74,Y->G->J->O,1.0517
893,114.33,3.00,1.00,0.100,10000,223.74,Y->G->K->P->O,212.74,Y->G->J->O,1.0517
894,114.42,3.00,1.00,0.100,10000,829.48,Y->D->C->F->E->M->L->I->L->H->B->A->D->G->K->P->O,212.74,Y->G->J->O,3.8990
895,114.42,3.00,1.00,0.100,10000,223.74,Y->G->K->P->O,212.74,Y->G->J->O,1.0517
896,114.54,3.00,1.00,0.100,10000,223.74,Y->G->K->P->O,212.74,Y->G->J->O,1.0517
897,114.63,3.00,1.00,0.100,10000,223.74,Y->G->K->P->O,212.74,Y->G->J->O,1.0517
898,114.74,3.00,1.00,0.100,10000,223.74,Y->G->K->P->O,212.74,Y->G->J->O,1.0517
899,114.83,3.00,1.00,0.100,10000,223.74,Y->G->K->P->O,212.74,Y->G->J->O,1.0517
900,114.94,3.00,1.00,0.100,10000,223.74,Y->G->K->P->O,212.74,Y->G->J->O,1.0517
901,115.05,3.00,1.00,0.100,10000,223.74,Y->G->K->P->O,212.74,Y->G->J->O,1.0517
902,115.11,3.00,1.00,0.100,10000,889.52,Y->G->D->C->F->E->I->L->H->B->A->C->B->E->M->U->Q->R->O,212.74,Y->G->J->O,4.1812
903,115.16,3.00,1.00,0.100,10000,223.74,Y->G->K->P->O,212.74,Y->G->J->O,1.0517
904,115.23,3.00,1.00,0.100,10000,959.91,Y->G->J->N->Q->M->E->F->B->C->D->A->B->H->L->U->P->O,212.74,Y->G->J->O,4.5121
905,115.26,3.00,1.00,0.100,10000,223.74,Y->G->K->P->O,212.74,Y->G->J->O,1.0517
906,115.35,3.00,1.00,0.100,10000,223.74,Y->G->K->P->O,212.74,Y->G->J->O,1.0517
907,115.47,3.00,1.00,0.100,10000,223.74,Y->G->K->P->O,212.74,Y->G->J->O,1.0517
908,115.51,3.00,1.00,0.100,10000,1194.95,Y->G->K->P->S->W->U->Q->N->M->L->I->E->F->C->A->B->H->B->C->D->C->F->J->O,212.74,Y->G->J->O,5.6169
909,115.58,3.00,1.00,0.100,10000,223.74,Y->G->K->P->O,212.74,Y->G->J->O,1.0517
910,115.67,3.00,1.00,0.100,10000,223.74,Y->G->K->P->O,212.74,Y->G->J->O,1.0517
911,115.79,3.00,1.00,0.100,10000,223.74,Y->G->K->P->O,212.74,Y->G->J->O,1.0517
912,115.88,3.00,1.00,0.100,10000,223.74,Y->G->K->P->O,212.74,Y->G->J->O,1.0517
913,115.99,3.00,1.00,0.100,10000,223.74,Y->G->K->P->O,212.74,Y->G->J->O,1.0517
914,116.10,3.00,1.00,0.100,10000,223.74,Y->G->K->P->O,212.74,Y->G->J->O,1.0517
915,116.21,3.00,1.00,0.100,10000,223.74,Y->G->K->P->O,212.74,Y->G->J->O,1.0517
916,116.30,3.00,1.00,0.100,10000,223.74,Y->G->K->P->O,212.74,Y->G->J->O,1.0517
917,116.39,3.00,1.00,0.100,10000,223.74,Y->G->K->P->O,212.74,Y->G->J->O,1.0517
918,116.51,3.00,1.00,0.100,10000,223.74,Y->G->K->P->O,212.74,Y->G->J->O,1.0517
919,116.61,3.00,1.00,0.100,10000,223.74,Y->G->K->P->O,212.74,Y->G->J->O,1.0517
920,116.72,3.00,1.00,0.100,10000,223.74,Y->G->K->P->O,212.74,Y->G->J->O,1.0517
921,116.81,3.00,1.00,0.100,10000,223.74,Y->G->K->P->O,212.74,Y->G->J->O,1.0517
922,116.93,3.00,1.00,0.100,10000,223.74,Y->G->K->P->O,212.74,Y->G->J->O,1.0517
923,117.04,3.00,1.00,0.100,10000,223.74,Y->G->K->P->O,212.74,Y->G->J->O,1.0517
924,117.13,3.00,1.00,0.100,10000,223.74,Y->G->K->P->O,212.74,Y->G->J->O,1.0517
925,117.24,3.00,1.00,0.100,10000,223.74,Y->G->K->P->O,212.74,Y->G->J->O,1.0517
926,117.35,3.00,1.00,0.100,10000,223.74,Y->G->K->P->O,212.74,Y->G->J->O,1.0517
927,117.44,3.00,1.00,0.100,10000,223.74,Y->G->K->P->O,212.74,Y->G->J->O,1.0517
928,117.56,3.00,1.00,0.100,10000,223.74,Y->G->K->P->O,212.74,Y->G->J->O,1.0517
929,117.67,3.00,1.00,0.100,10000,223.74,Y->G->K->P->O,212.74,Y->G->J->O,1.0517
930,117.75,3.00,1.00,0.100,10000,223.74,Y->G->K->P->O,212.74,Y->G->J->O,1.0517
931,117.88,3.00,1.00,0.100,10000,223.74,Y->G->K->P->O,212.74,Y->G->J->O,1.0517
932,117.96,3.00,1.00,0.100,10000,223.74,Y->G->K->P->O,212.74,Y->G->J->O,1.0517
933,118.09,3.00,1.00,0.100,10000,223.74,Y->G->K->P->O,212.74,Y->G->J->O,1.0517
934,118.18,3.00,1.00,0.100,10000,223.74,Y->G->K->P->O,212.74,Y->G->J->O,1.0517
935,118.29,3.00,1.00,0.100,10000,223.74,Y->G->K->P->O,212.74,Y->G->J->O,1.0517
936,118.40,3.00,1.00,0.100,10000,223.74,Y->G->K->P->O,212.74,Y->G->J->O,1.0517
937,118.49,3.00,1.00,0.100,10000,223.74,Y->G->K->P->O,212.74,Y->G->J->O,1.0517
938,118.60,3.00,1.00,0.100,10000,223.74,Y->G->K->P->O,212.74,Y->G->J->O,1.0517
939,118.72,3.00,1.00,0.100,10000,223.74,Y->G->K->P->O,212.74,Y->G->J->O,1.0517
940,118.81,3.00,1.00,0.100,10000,223.74,Y->G->K->P->O,212.74,Y->G->J->O,1.0517
941,118.93,3.00,1.00,0.100,10000,223.74,Y->G->K->P->O,212.74,Y->G->J->O,1.0517
942,119.01,3.00,1.00,0.100,10000,223.74,Y->G->K->P->O,212.74,Y->G->J->O,1.0517
943,119.13,3.00,1.00,0.100,10000,223.74,Y->G->K->P->O,212.74,Y->G->J->O,1.0517
944,119.23,3.00,1.00,0.100,10000,223.74,Y->G->K->P->O,212.74,Y->G->J->O,1.0517
945,119.33,3.00,1.00,0.100,10000,223.74,Y->G->K->P->O,212.74,Y->G->J->O,1.0517
946,119.43,3.00,1.00,0.100,10000,223.74,Y->G->K->P->O,212.74,Y->G->J->O,1.0517
947,119.54,3.00,1.00,0.100,10000,223.74,Y->G->K->P->O,212.74,Y->G->J->O,1.0517
948,119.65,3.00,1.00,0.100,10000,223.74,Y->G->K->P->O,212.74,Y->G->J->O,1.0517
949,119.74,3.00,1.00,0.100,10000,223.74,Y->G->K->P->O,212.74,Y->G->J->O,1.0517
950,119.85,3.00,1.00,0.100,10000,223.74,Y->G->K->P->O,212.74,Y->G->J->O,1.0517
951,119.94,3.00,1.00,0.000,10000,223.74,Y->G->K->P->O,212.74,Y->G->J->O,1.0517
952,120.06,3.00,1.00,0.000,10000,223.74,Y->G->K->P->O,212.74,Y->G->J->O,1.0517
953,120.17,3.00,1.00,0.000,10000,223.74,Y->G->K->P->O,212.74,Y->G->J->O,1.0517
954,120.26,3.00,1.00,0.000,10000,223.74,Y->G->K->P->O,212.74,Y->G->J->O,1.0517
955,120.38,3.00,1.00,1.000,10000,223.74,Y->G->K->P->O,212.74,Y->G->J->O,1.0517
956,120.49,3.00,1.00,1.000,10000,223.74,Y->G->K->P->O,212.74,Y->G->J->O,1.0517
957,120.58,3.00,1.00,1.000,10000,223.74,Y->G->K->P->O,212.74,Y->G->J->O,1.0517
958,120.69,3.00,1.00,1.000,10000,223.74,Y->G->K->P->O,212.74,Y->G->J->O,1.0517
959,120.79,3.00,1.00,1.000,10000,223.74,Y->G->K->P->O,212.74,Y->G->J->O,1.0517
960,120.91,3.00,1.00,1.000,10000,223.74,Y->G->K->P->O,212.74,Y->G->J->O,1.0517
961,121.01,3.00,1.00,1.000,10000,223.74,Y->G->K->P->O,212.74,Y->G->J->O,1.0517
962,121.11,3.00,1.00,1.000,10000,223.74,Y->G->K->P->O,212.74,Y->G->J->O,1.0517
963,121.19,3.00,1.00,1.000,10000,223.74,Y->G->K->P->O,212.74,Y->G->J->O,1.0517
964,121.32,3.00,1.00,1.000,10000,223.74,Y->G->K->P->O,212.74,Y->G->J->O,1.0517
965,121.42,3.00,1.00,1.000,10000,223.74,Y->G->K->P->O,212.74,Y->G->J->O,1.0517
966,121.52,3.00,1.00,1.000,10000,223.74,Y->G->K->P->O,212.74,Y->G->J->O,1.0517
967,121.63,3.00,1.00,1.000,10000,223.74,Y->G->K->P->O,212.74,Y->G->J->O,1.0517
968,121.72,3.00,1.00,1.000,10000,223.74,Y->G->K->P->O,212.74,Y->G->J->O,1.0517
969,121.83,3.00,1.00,1.000,10000,223.74,Y->G->K->P->O,212.74,Y->G->J->O,1.0517
970,121.94,3.00,1.00,1.000,10000,223.74,Y->G->K->P->O,212.74,Y->G->J->O,1.0517
971,122.03,3.00,1.00,1.000,10000,223.74,Y->G->K->P->O,212.74,Y->G->J->O,1.0517
972,122.15,3.00,1.00,1.000,10000,223.74,Y->G->K->P->O,212.74,Y->G->J->O,1.0517
973,122.23,3.00,1.00,1.000,10000,223.74,Y->G->K->P->O,212.74,Y->G->J->O,1.0517
974,122.36,3.00,1.00,1.000,10000,223.74,Y->G->K->P->O,212.74,Y->G->J->O,1.0517
975,122.47,3.00,1.00,1.000,10000,223.74,Y->G->K->P->O,212.74,Y->G->J->O,1.0517
976,122.56,3.00,1.00,1.000,10000,223.74,Y->G->K->P->O,212.74,Y->G->J->O,1.0517
977,122.67,3.00,1.00,1.000,10000,223.74,Y->G->K->P->O,212.74,Y->G->J->O,1.0517
978,122.77,3.00,1.00,1.000,10000,223.74,Y->G->K->P->O,212.74,Y->G->J->O,1.0517
979,122.88,3.00,1.00,1.000,10000,223.74,Y->G->K->P->O,212.74,Y->G->J->O,1.0517
980,122.99,3.00,1.00,1.000,10000,223.74,Y->G->K->P->O,212.74,Y->G->J->O,1.0517
981,123.08,3.00,1.00,1.000,10000,223.74,Y->G->K->P->O,212.74,Y->G->J->O,1.0517
982,123.19,3.00,1.00,1.000,10000,223.74,Y->G->K->P->O,212.74,Y->G->J->O,1.0517
983,123.28,3.00,1.00,1.000,10000,223.74,Y->G->K->P->O,212.74,Y->G->J->O,1.0517
984,123.40,3.00,1.00,1.000,10000,223.74,Y->G->K->P->O,212.74,Y->G->J->O,1.0517
985,123.51,3.00,1.00,1.000,10000,223.74,Y->G->K->P->O,212.74,Y->G->J->O,1.0517
986,123.61,3.00,1.00,1.000,10000,223.74,Y->G->K->P->O,212.74,Y->G->J->O,1.0517
987,123.72,3.00,1.00,1.000,10000,223.74,Y->G->K->P->O,212.74,Y->G->J->O,1.0517
988,123.81,3.00,1.00,1.000,10000,223.74,Y->G->K->P->O,212.74,Y->G->J->O,1.0517
989,123.92,3.00,1.00,1.000,10000,223.74,Y->G->K->P->O,212.74,Y->G->J->O,1.0517
990,124.03,3.00,1.00,1.000,10000,223.74,Y->G->K->P->O,212.74,Y->G->J->O,1.0517
991,124.13,3.00,1.00,1.000,10000,223.74,Y->G->K->P->O,212.74,Y->G->J->O,1.0517
992,124.24,3.00,1.00,1.000,10000,223.74,Y->G->K->P->O,212.74,Y->G->J->O,1.0517
993,124.33,3.00,1.00,1.000,10000,223.74,Y->G->K->P->O,212.74,Y->G->J->O,1.0517
994,124.47,3.00,1.00,1.000,10000,223.74,Y->G->K->P->O,212.74,Y->G->J->O,1.0517
995,124.57,3.00,1.00,1.000,10000,223.74,Y->G->K->P->O,212.74,Y->G->J->O,1.0517
996,124.65,3.00,1.00,1.000,10000,223.74,Y->G->K->P->O,212.74,Y->G->J->O,1.0517
997,124.76,3.00,1.00,1.000,10000,223.74,Y->G->K->P->O,212.74,Y->G->J->O,1.0517
998,124.87,3.00,1.00,1.000,10000,223.74,Y->G->K->P->O,212.74,Y->G->J->O,1.0517
999,124.98,3.00,1.00,1.000,10000,223.74,Y->G->K->P->O,212.74,Y->G->J->O,1.0517
1000,125.10,3.00,1.00,1.000,10000,223.74,Y->G->K->P->O,212.74,Y->G->J->O,1.0517
1001,125.27,3.00,1.00,1.000,10000,223.74,Y->G->K->P->O,212.74,Y->G->J->O,1.0517
1002,125.44,3.00,1.00,1.000,10000,223.74,Y->G->K->P->O,212.74,Y->G->J->O,1.0517
1003,125.58,3.00,1.00,1.000,10000,223.74,Y->G->K->P->O,212.74,Y->G->J->O,1.0517
1004,125.74,3.00,1.00,1.000,10000,223.74,Y->G->K->P->O,212.74,Y->G->J->O,1.0517
1005,125.97,3.00,1.00,1.000,10000,223.74,Y->G->K->P->O,212.74,Y->G->J->O,1.0517
1006,126.11,3.00,1.00,1.000,10000,223.74,Y->G->K->P->O,212.74,Y->G->J->O,1.0517
1007,126.46,3.00,1.00,1.000,10000,223.74,Y->G->K->P->O,212.74,Y->G->J->O,1.0517
1008,127.04,3.00,1.00,1.000,10000,223.74,Y->G->K->P->O,212.74,Y->G->J->O,1.0517
1009,127.44,3.00,1.00,1.000,10000,223.74,Y->G->K->P->O,212.74,Y->G->J->O,1.0517
1010,127.82,3.00,1.00,1.000,10000,223.74,Y->G->K->P->O,212.74,Y->G->J->O,1.0517
1011,128.14,3.00,1.00,1.000,10000,223.74,Y->G->K->P->O,212.74,Y->G->J->O,1.0517
1012,128.40,3.00,1.00,1.000,10000,223.74,Y->G->K->P->O,212.74,Y->G->J->O,1.0517
1013,128.64,3.00,1.00,1.000,10000,223.74,Y->G->K->P->O,212.74,Y->G->J->O,1.0517
1014,128.87,3.00,1.00,1.000,10000,223.74,Y->G->K->P->O,212.74,Y->G->J->O,1.0517
1015,129.10,3.00,1.00,1.000,10000,223.74,Y->G->K->P->O,212.74,Y->G->J->O,1.0517
1016,129.32,3.00,1.00,1.000,10000,223.74,Y->G->K->P->O,212.74,Y->G->J->O,1.0517
1017,129.57,3.00,1.00,1.000,10000,223.74,Y->G->K->P->O,212.74,Y->G->J->O,1.0517
1018,129.80,3.00,1.00,1.000,10000,223.74,Y->G->K->P->O,212.74,Y->G->J->O,1.0517
1019,130.01,3.00,1.00,1.000,10000,223.74,Y->G->K->P->O,212.74,Y->G->J->O,1.0517
1020,130.28,3.00,1.00,1.000,10000,223.74,Y->G->K->P->O,212.74,Y->G->J->O,1.0517
1021,130.54,3.00,1.00,1.000,10000,223.74,Y->G->K->P->O,212.74,Y->G->J->O,1.0517
1022,130.79,3.00,1.00,1.000,10000,223.74,Y->G->K->P->O,212.74,Y->G->J->O,1.0517
1023,131.06,3.00,1.00,1.000,10000,223.74,Y->G->K->P->O,212.74,Y->G->J->O,1.0517
1024,131.31,3.00,1.00,1.000,10000,223.74,Y->G->K->P->O,212.74,Y->G->J->O,1.0517
1025,131.55,3.00,1.00,1.000,10000,223.74,Y->G->K->P->O,212.74,Y->G->J->O,1.0517
1026,131.83,3.00,1.00,1.000,10000,223.74,Y->G->K->P->O,212.74,Y->G->J->O,1.0517
1027,132.07,3.00,1.00,1.000,10000,223.74,Y->G->K->P->O,212.74,Y->G->J->O,1.0517
1028,132.33,3.00,1.00,1.000,10000,223.74,Y->G->K->P->O,212.74,Y->G->J->O,1.0517
1029,132.59,3.00,1.00,1.000,10000,223.74,Y->G->K->P->O,212.74,Y->G->J->O,1.0517
1030,132.83,3.00,1.00,1.000,10000,223.74,Y->G->K->P->O,212.74,Y->G->J->O,1.0517
1031,133.10,3.00,1.00,1.000,10000,223.74,Y->G->K->P->O,212.74,Y->G->J->O,1.0517
1032,133.36,3.00,1.00,1.000,10000,223.74,Y->G->K->P->O,212.74,Y->G->J->O,1.0517
1033,133.61,3.00,1.00,1.000,10000,223.74,Y->G->K->P->O,212.74,Y->G->J->O,1.0517
1034,133.86,3.00,1.00,1.000,10000,223.74,Y->G->K->P->O,212.74,Y->G->J->O,1.0517
1035,134.12,3.00,1.00,1.000,10000,223.74,Y->G->K->P->O,212.74,Y->G->J->O,1.0517
1036,134.62,3.00,1.00,1.000,10000,223.74,Y->G->K->P->O,212.74,Y->G->J->O,1.0517
1037,135.14,3.00,1.00,1.000,10000,223.74,Y->G->K->P->O,212.74,Y->G->J->O,1.0517
1038,135.49,3.00,1.00,1.000,10000,212.74,Y->G->J->O,212.74,Y->G->J->O,1.0000
1039,137.42,3.00,1.00,1.000,10000,223.74,Y->G->K->P->O,212.74,Y->G->J->O,1.0517
1040,139.16,3.00,1.00,1.000,10000,477.67,Y->G->D->A->B->E->F->J->N->Q->R->O,212.74,Y->G->J->O,2.2453
1041,139.31,3.00,1.00,1.000,10000,212.74,Y->G->J->O,212.74,Y->G->J->O,1.0000
1042,139.71,3.00,1.00,1.000,10000,223.74,Y->G->K->P->O,212.74,Y->G->J->O,1.0517
1043,139.73,3.00,1.00,1.000,10000,645.11,Y->G->K->P->S->V->S->T->S->W->U->R->O,212.74,Y->G->J->O,3.0324
1044,140.64,3.00,1.00,1.000,10000,495.42,Y->G->J->N->E->I->L->M->Q->R->O,212.74,Y->G->J->O,2.3287
1045,141.06,3.00,1.00,1.000,10000,471.22,Y->G->S->T->S->P->K->P->O,212.74,Y->G->J->O,2.2150
1046,141.21,3.00,1.00,1.000,10000,620.40,Y->D->G->K->P->S->T->S->W->U->R->O,212.74,Y->G->J->O,2.9162
1047,141.81,3.00,1.00,1.000,10000,608.37,Y->G->S->T->S->W->U->Q->R->O,212.74,Y->G->J->O,2.8597
1048,142.25,3.00,1.00,1.000,10000,382.14,Y->D->C->A->B->F->J->O,212.74,Y->G->J->O,1.7962
1049,143.80,3.00,1.00,1.000,10000,921.78,Y->G->K->P->U->Q->N->M->L->H->B->C->F->E->I->L->M->Q->R->O,212.74,Y->G->J->O,4.3328
1050,143.95,3.00,1.00,1.000,10000,676.84,Y->G->K->P->S->V->S->T->S->W->U->Q->R->O,212.74,Y->G->J->O,3.1815
1051,143.96,3.00,1.00,1.000,10000,797.38,Y->G->K->P->S->T->S->V->S->W->U->M->Q->N->J->O,212.74,Y->G->J->O,3.7481
1052,144.02,3.00,1.00,1.000,10000,482.02,Y->G->K->P->U->R->Q->N->J->O,212.74,Y->G->J->O,2.2657
1053,144.46,3.00,1.00,1.000,10000,756.85,Y->G->J->F->C->B->H->L->I->E->M->N->Q->U->R->O,212.74,Y->G->J->O,3.5576
1054,145.02,3.00,1.00,1.000,10000,281.23,Y->D->G->J->O,212.74,Y->G->J->O,1.3219
1055,145.68,3.00,1.00,1.000,10000,753.03,Y->D->C->A->B->H->L->M->U->W->S->P->O,212.74,Y->G->J->O,3.5396
1056,145.68,3.00,1.00,1.000,10000,212.74,Y->G->J->O,212.74,Y->G->J->O,1.0000
1057,145.77,3.00,1.00,1.000,10000,1039.46,Y->G->J->F->E->B->A->D->C->B->H->L->M->N->Q->U->W->S->T->S->P->O,212.74,Y->G->J->O,4.8860
1058,146.08,3.00,1.00,1.000,10000,800.96,Y->G->D->A->C->F->J->N->M->E->I->L->H->B->F->J->O,212.74,Y->G->J->O,3.7649
1059,146.61,3.00,1.00,1.000,10000,745.32,Y->D->G->K->P->S->V->S->T->S->W->U->Q->R->O,212.74,Y->G->J->O,3.5034
1060,146.90,3.00,1.00,1.000,10000,365.99,Y->G->D->C->B->E->F->J->O,212.74,Y->G->J->O,1.7204
1061,147.36,3.00,1.00,1.000,10000,223.74,Y->G->K->P->O,212.74,Y->G->J->O,1.0517
1062,147.38,3.00,1.00,1.000,10000,306.76,Y->G->S->P->O,212.74,Y->G->J->O,1.4419
1063,147.70,3.00,1.00,1.000,10000,789.07,Y->G->D->C->B->E->F->J->N->M->Q->U->W->S->V->S->P->O,212.74,Y->G->J->O,3.7090
1064,148.37,3.00,1.00,1.000,10000,223.74,Y->G->K->P->O,212.74,Y->G->J->O,1.0517
1065,148.74,3.00,1.00,1.000,10000,292.23,Y->D->G->K->P->O,212.74,Y->G->J->O,1.3736
1066,149.15,3.00,1.00,1.000,10000,640.68,Y->D->A->B->C->F->E->I->L->M->N->Q->U->R->O,212.74,Y->G->J->O,3.0115
1067,149.24,3.00,1.00,1.000,10000,591.94,Y->G->K->P->S->V->S->W->U->Q->R->O,212.74,Y->G->J->O,2.7824
1068,149.74,3.00,1.00,1.000,10000,212.74,Y->G->J->O,212.74,Y->G->J->O,1.0000
1069,149.83,3.00,1.00,1.000,10000,676.84,Y->G->K->P->S->V->S->T->S->W->U->Q->R->O,212.74,Y->G->J->O,3.1815
1070,150.40,3.00,1.00,1.000,10000,1320.31,Y->D->A->C->F->J->G->K->P->S->W->U->Q->N->M->E->B->H->L->I->E->I->E->M->Q->R->O,212.74,Y->G->J->O,6.2061
1071,150.49,3.00,1.00,1.000,10000,1108.52,Y->G->D->A->C->F->E->N->Q->U->M->L->H->B->E->I->L->H->L->U->R->O,212.74,Y->G->J->O,5.2106
1072,150.82,3.00,1.00,1.000,10000,472.12,Y->D->C->B->E->F->J->G->K->P->O,212.74,Y->G->J->O,2.2192
1073,151.04,3.00,1.00,1.000,10000,951.59,Y->D->G->J->F->E->B->A->C->F->E->N->M->L->H->L->U->R->Q->R->O,212.74,Y->G->J->O,4.4730
1074,151.18,3.00,1.00,1.000,10000,223.74,Y->G->K->P->O,212.74,Y->G->J->O,1.0517
1075,151.79,3.00,1.00,1.000,10000,292.23,Y->D->G->K->P->O,212.74,Y->G->J->O,1.3736
1076,152.99,3.00,1.00,1.000,10000,1067.86,Y->G->J->N->Q->U->L->H->B->C->A->D->Y->D->G->K->P->O,212.74,Y->G->J->O,5.0195
1077,153.47,3.00,1.00,1.000,10000,223.74,Y->G->K->P->O,212.74,Y->G->J->O,1.0517
1078,154.00,3.00,1.00,1.000,10000,780.83,Y->D->A->C->F->E->B->H->L->M->Q->N->J->G->K->P->O,212.74,Y->G->J->O,3.6703
1079,154.52,3.00,1.00,1.000,10000,1122.69,Y->G->K->P->U->M->N->J->F->E->B->C->D->A->B->H->L->I->E->N->Q->R->O,212.74,Y->G->J->O,5.2772
1080,154.74,3.00,1.00,1.000,10000,1122.16,Y->G->K->P->S->V->S->T->S->W->U->L->H->B->C->F->E->M->N->Q->R->O,212.74,Y->G->J->O,5.2747
1081,154.76,3.00,1.00,1.000,10000,306.76,Y->G->S->P->O,212.74,Y->G->J->O,1.4419
1082,154.85,3.00,1.00,1.000,10000,292.23,Y->D->G->K->P->O,212.74,Y->G->J->O,1.3736
1083,155.09,3.00,1.00,1.000,10000,292.23,Y->D->G->K->P->O,212.74,Y->G->J->O,1.3736
1084,155.24,3.00,1.00,1.000,10000,223.74,Y->G->K->P->O,212.74,Y->G->J->O,1.0517
1085,155.34,3.00,1.00,1.000,10000,389.96,Y->G->D->C->A->B->F->J->O,212.74,Y->G->J->O,1.8330
1086,155.35,3.00,1.00,1.000,10000,628.21,Y->G->J->F->E->I->L->M->N->Q->R->U->P->O,212.74,Y->G->J->O,2.9529
1087,155.52,3.00,1.00,1.000,10000,1065.50,Y->D->G->J->F->E->B->A->C->A->B->H->L->U->W->S->V->S->P->O,212.74,Y->G->J->O,5.0084
1088,155.63,3.00,1.00,1.000,10000,492.07,Y->G->D->A->B->C->F->E->N->J->O,212.74,Y->G->J->O,2.3130
1089,155.93,3.00,1.00,1.000,10000,1315.63,Y->D->A->C->F->E->B->H->L->M->U->R->Q->N->J->G->K->P->S->V->S->T->S->W->U->R->O,212.74,Y->G->J->O,6.1841
1090,157.43,3.00,1.00,1.000,10000,1510.32,Y->G->D->A->C->B->E->I->L->M->N->J->F->E->I->E->I->E->I->E->B->H->L->U->W->S->V->S->P->K->P->O,212.74,Y->G->J->O,7.0993
1091,157.49,3.00,1.00,1.000,10000,857.71,Y->D->C->F->J->N->M->L->I->E->B->H->L->U->R->Q->R->O,212.74,Y->G->J->O,4.0317
1092,157.56,3.00,1.00,1.000,10000,306.76,Y->G->S->P->O,212.74,Y->G->J->O,1.4419
1093,157.74,3.00,1.00,1.000,10000,1197.40,Y->G->D->A->C->B->F->J->N->Q->R->U->M->L->I->E->B->H->L->I->E->F->E->N->J->O,212.74,Y->G->J->O,5.6284
1094,157.94,3.00,1.00,1.000,10000,294.21,Y->G->D->C->F->J->O,212.74,Y->G->J->O,1.3829
1095,157.95,3.00,1.00,1.000,10000,817.51,Y->D->G->S->T->S->V->S->P->K->P->U->Q->R->O,212.74,Y->G->J->O,3.8427
1096,158.01,3.00,1.00,1.000,10000,1757.27,Y->D->G->S->V->S->P->K->G->J->F->C->A->B->H->L->I->E->M->U->R->Q->N->Q->U->W->U->W->U->Q->N->Q->R->O,212.74,Y->G->J->O,8.2601
1097,158.17,3.00,1.00,1.000,10000,651.40,Y->G->D->C->F->E->I->L->U->R->Q->M->N->J->O,212.74,Y->G->J->O,3.0619
1098,158.31,3.00,1.00,1.000,10000,980.79,Y->G->D->A->C->B->E->M->L->H->B->F->J->N->Q->U->W->S->P->O,212.74,Y->G->J->O,4.6102
1099,158.78,3.00,1.00,1.000,10000,1479.08,Y->D->G->K->P->S->T->S->V->S->W->U->R->Q->N->E->F->B->C->A->B->H->L->I->L->M->L->M->N->J->O,212.74,Y->G->J->O,6.9524
1100,159.31,3.00,1.00,1.000,10000,1538.16,Y->G->K->P->S->W->U->L->M->E->I->E->F->C->A->B->H->B->A->D->C->D->C->A->D->G->J->N->Q->R->O,212.74,Y->G->J->O,7.2301
1101,159.43,3.00,1.00,1.000,10000,1051.29,Y->D->A->B->C->F->E->N->J->G->K->P->S->T->S->V->S->W->U->Q->R->O,212.74,Y->G->J->O,4.9416
1102,159.63,3.00,1.00,1.000,10000,1246.06,Y->D->A->C->F->J->G->K->P->S->T->S->V->S->W->U->L->H->B->E->M->Q->R->O,212.74,Y->G->J->O,5.8571
1103,160.31,3.00,1.00,1.000,10000,661.27,Y->G->K->P->S->W->U->L->M->N->Q->R->O,212.74,Y->G->J->O,3.1083
1104,160.34,3.00,1.00,1.000,10000,884.27,Y->G->S->V->S->T->S->W->U->Q->N->M->E->F->J->O,212.74,Y->G->J->O,4.1565
1105,160.83,3.00,1.00,1.000,10000,223.74,Y->G->K->P->O,212.74,Y->G->J->O,1.0517
1106,161.29,3.00,1.00,1.000,10000,455.18,Y->D->A->C->F->J->N->M->Q->R->O,212.74,Y->G->J->O,2.1396
1107,161.36,3.00,1.00,1.000,10000,1140.60,Y->G->D->C->A->B->E->N->Q->M->L->I->L->U->W->S->T->S->V->S->P->K->P->O,212.74,Y->G->J->O,5.3614
1108,161.36,3.00,1.00,1.000,10000,223.74,Y->G->K->P->O,212.74,Y->G->J->O,1.0517
1109,161.49,3.00,1.00,1.000,10000,511.73,Y->D->C->A->B->F->E->N->Q->R->O,212.74,Y->G->J->O,2.4054
1110,161.74,3.00,1.00,1.000,10000,212.74,Y->G->J->O,212.74,Y->G->J->O,1.0000
1111,161.77,3.00,1.00,1.000,10000,576.65,Y->G->S->T->S->W->U->R->O,212.74,Y->G->J->O,2.7106
1112,162.04,3.00,1.00,1.000,10000,676.84,Y->G->K->P->S->T->S->V->S->W->U->Q->R->O,212.74,Y->G->J->O,3.1815
1113,162.28,3.00,1.00,1.000,10000,1133.41,Y->D->G->J->N->Q->M->L->I->E->B->C->A->C->F->B->H->B->A->B->E->F->J->O,212.74,Y->G->J->O,5.3276
1114,162.28,3.00,1.00,1.000,10000,733.78,Y->G->J->F->E->I->L->H->B->A->C->D->G->K->P->O,212.74,Y->G->J->O,3.4492
1115,162.33,3.00,1.00,1.000,10000,716.47,Y->D->G->J->F->B->C->A->B->E->M->N->Q->U->R->O,212.74,Y->G->J->O,3.3678
1116,162.35,3.00,1.00,1.000,10000,960.45,Y->D->G->J->N->M->E->F->B->H->L->I->E->M->U->Q->R->O,212.74,Y->G->J->O,4.5146
1117,162.54,3.00,1.00,1.000,10000,1433.73,Y->D->C->B->H->L->M->U->R->Q->N->E->I->L->M->U->W->S->T->S->V->S->G->K->P->O,212.74,Y->G->J->O,6.7393
1118,163.18,3.00,1.00,1.000,10000,663.16,Y->G->J->F->C->B->E->I->L->H->L->M->Q->U->R->O,212.74,Y->G->J->O,3.1172
1119,163.38,3.00,1.00,1.000,10000,921.69,Y->D->G->J->N->E->F->C->B->H->L->U->W->S->P->O,212.74,Y->G->J->O,4.3324
1120,163.61,3.00,1.00,1.000,10000,760.23,Y->D->C->F->J->G->K->P->S->T->S->W->U->Q->R->O,212.74,Y->G->J->O,3.5735
1121,163.75,3.00,1.00,1.000,10000,292.23,Y->D->G->K->P->O,212.74,Y->G->J->O,1.3736
1122,163.95,3.00,1.00,1.000,10000,1128.85,Y->D->G->J->N->E->B->H->L->I->E->F->C->A->D->Y->G->K->P->O,212.74,Y->G->J->O,5.3062
1123,164.29,3.00,1.00,1.000,10000,709.70,Y->G->D->C->A->B->E->M->Q->N->J->F->C->D->G->K->P->O,212.74,Y->G->J->O,3.3360
1124,164.43,3.00,1.00,1.000,10000,485.47,Y->G->D->A->C->F->E->M->N->J->O,212.74,Y->G->J->O,2.2819
1125,164.81,3.00,1.00,1.000,10000,636.37,Y->G->S->T->S->V->S->P->K->G->J->O,212.74,Y->G->J->O,2.9913
1126,164.95,3.00,1.00,1.000,10000,965.20,Y->D->G->K->P->U->M->Q->N->E->I->L->H->B->C->F->J->O,212.74,Y->G->J->O,4.5369
1127,165.04,3.00,1.00,1.000,10000,1470.53,Y->D->C->B->E->F->J->N->Q->M->U->P->S->T->S->G->K->G->D->A->B->H->L->I->E->M->N->J->O,212.74,Y->G->J->O,6.9122
1128,165.06,3.00,1.00,1.000,10000,576.65,Y->G->S->T->S->W->U->R->O,212.74,Y->G->J->O,2.7106
1129,165.22,3.00,1.00,1.000,10000,306.76,Y->G->S->P->O,212.74,Y->G->J->O,1.4419
1130,165.68,3.00,1.00,1.000,10000,1957.36,Y->G->J->N->M->Q->R->U->P->S->W->U->L->I->E->B->C->A->D->C->F->B->H->L->H->L->I->E->I->E->M->Q->M->L->M->E->N->Q->R->O,212.74,Y->G->J->O,9.2006
1131,165.72,3.00,1.00,1.000,10000,745.68,Y->D->C->F->E->B->A->C->A->B->H->L->M->N->J->O,212.74,Y->G->J->O,3.5051
1132,166.33,3.00,1.00,1.000,10000,292.23,Y->D->G->K->P->O,212.74,Y->G->J->O,1.3736
1133,166.45,3.00,1.00,1.000,10000,782.63,Y->D->C->A->B->E->N->J->F->J->G->S->P->K->P->O,212.74,Y->G->J->O,3.6788
1134,166.57,3.00,1.00,1.000,10000,292.23,Y->D->G->K->P->O,212.74,Y->G->J->O,1.3736
1135,167.17,3.00,1.00,1.000,10000,518.22,Y->D->C->B->E->I->L->M->Q->U->R->O,212.74,Y->G->J->O,2.4359
1136,167.20,3.00,1.00,1.000,10000,419.69,Y->G->J->N->Q->M->U->R->O,212.74,Y->G->J->O,1.9727
1137,167.48,3.00,1.00,1.000,10000,223.74,Y->G->K->P->O,212.74,Y->G->J->O,1.0517
1138,167.51,3.00,1.00,1.000,10000,1484.33,Y->G->J->F->E->B->H->L->I->E->M->N->Q->R->U->W->S->V->S->P->K->G->D->C->A->C->D->G->D->C->F->J->O,212.74,Y->G->J->O,6.9771
1139,167.52,3.00,1.00,1.000,10000,606.67,Y->G->D->A->C->B->E->M->L->I->E->F->J->O,212.74,Y->G->J->O,2.8517
1140,167.64,3.00,1.00,1.000,10000,1756.43,Y->G->D->C->A->B->H->L->I->E->F->J->N->M->Q->R->U->P->K->G->S->T->S->W->S->V->S->V->S->G->K->P->O,212.74,Y->G->J->O,8.2561
1141,167.85,3.00,1.00,1.000,10000,491.78,Y->D->G->J->N->M->U->Q->R->O,212.74,Y->G->J->O,2.3116
1142,167.85,3.00,1.00,1.000,10000,292.23,Y->D->G->K->P->O,212.74,Y->G->J->O,1.3736
1143,168.08,3.00,1.00,1.000,10000,391.65,Y->G->S->T->S->P->O,212.74,Y->G->J->O,1.8410
1144,168.18,3.00,1.00,1.000,10000,676.84,Y->G->K->P->S->V->S->T->S->W->U->Q->R->O,212.74,Y->G->J->O,3.1815
1145,168.31,3.00,1.00,1.000,10000,1962.13,Y->G->D->A->C->B->E->I->L->H->B->F->J->N->Q->R->U->W->S->T->S->P->K->G->D->A->D->A->B->H->B->A->B->F->B->E->M->N->J->O,212.74,Y->G->J->O,9.2230
1146,168.65,3.00,1.00,1.000,10000,1014.00,Y->D->C->F->J->N->M->E->I->L->H->B->A->C->A->B->F->J->G->K->P->O,212.74,Y->G->J->O,4.7663
1147,168.67,3.00,1.00,1.000,10000,2379.38,Y->G->D->A->B->F->C->A->C->B->E->M->Q->R->U->L->H->B->F->J->N->E->I->E->F->C->D->Y->D->Y->D->G->K->P->S->T->S->V->S->W->S->P->O,212.74,Y->G->J->O,11.1843
1148,168.75,3.00,1.00,1.000,10000,223.74,Y->G->K->P->O,212.74,Y->G->J->O,1.0517
1149,169.40,3.00,1.00,1.000,10000,932.78,Y->D->A->B->E->F->J->N->Q->R->U->M->L->I->E->F->C->D->G->K->P->O,212.74,Y->G->J->O,4.3845
1150,169.86,3.00,1.00,1.000,10000,212.74,Y->G->J->O,212.74,Y->G->J->O,1.0000
1151,170.26,3.00,1.00,1.000,10000,639.66,Y->G->D->C->B->E->M->U->R->Q->N->J->F->J->O,212.74,Y->G->J->O,3.0067
1152,170.33,3.00,1.00,1.000,10000,2167.36,Y->G->J->N->E->F->B->A->D->C->A->D->Y->G->K->P->S->W->U->R->Q->M->L->I->L->H->B->F->B->E->M->N->E->N->E->B->E->N->Q->R->O,212.74,Y->G->J->O,10.1877
1153,170.50,3.00,1.00,1.000,10000,760.02,Y->D->C->A->B->F->E->M->L->I->E->N->Q->U->R->O,212.74,Y->G->J->O,3.5725
1154,170.54,3.00,1.00,1.000,10000,381.88,Y->D->A->C->B->F->J->O,212.74,Y->G->J->O,1.7950
1155,171.04,3.00,1.00,0.650,10000,223.74,Y->G->K->P->O,212.74,Y->G->J->O,1.0517
1156,171.07,3.00,1.00,0.500,10000,445.64,Y->D->A->B->E->F->C->F->J->O,212.74,Y->G->J->O,2.0947
1157,171.08,3.00,1.00,0.450,10000,585.37,Y->D->G->J->N->Q->R->U->P->K->P->O,212.74,Y->G->J->O,2.7515
1158,171.21,3.00,1.00,0.250,10000,1756.41,Y->D->G->J->N->E->M->L->I->L->H->B->C->F->E->B->A->B->A->B->C->D->A->D->C->D->Y->G->K->P->U->Q->R->O,212.74,Y->G->J->O,8.2560
1159,171.26,3.00,1.00,0.250,10000,2559.06,Y->G->D->C->B->E->F->J->N->Q->M->L->I->E->B->A->D->Y->D->A->C->F->B->H->B->C->D->C->A->C->D->Y->D->Y->D->G->K->P->S->T->S->W->U->R->O,212.74,Y->G->J->O,12.0289
1160,171.29,3.00,1.00,0.250,10000,223.74,Y->G->K->P->O,212.74,Y->G->J->O,1.0517
1161,172.04,3.00,1.00,0.300,10000,1163.42,Y->G->K->P->U->Q->N->E->F->C->B->H->L->I->E->M->L->M->E->M->Q->R->O,212.74,Y->G->J->O,5.4687
1162,172.34,3.00,1.00,0.400,10000,943.19,Y->G->D->C->B->A->C->F->J->N->Q->M->L->I->E->B->H->L->U->R->O,212.74,Y->G->J->O,4.4335
1163,172.71,3.00,1.00,0.550,10000,1237.12,Y->D->A->C->F->J->G->S->W->U->M->E->B->H->L->I->E->N->Q->R->O,212.74,Y->G->J->O,5.8151
1164,173.07,3.00,1.00,0.100,10000,541.71,Y->D->A->B->E->I->L->M->Q->U->R->O,212.74,Y->G->J->O,2.5463
1165,174.33,3.00,1.00,0.100,10000,223.74,Y->G->K->P->O,212.74,Y->G->J->O,1.0517
1166,174.56,3.00,1.00,0.100,10000,518.41,Y->D->A->C->B->E->F->J->G->K->P->O,212.74,Y->G->J->O,2.4368
1167,174.71,3.00,1.00,0.100,10000,292.23,Y->D->G->K->P->O,212.74,Y->G->J->O,1.3736
1168,175.74,3.00,1.00,0.100,10000,531.83,Y->G->D->A->B->E->I->L->U->R->O,212.74,Y->G->J->O,2.4999
1169,175.79,3.00,1.00,0.100,10000,1852.30,Y->G->D->C->A->B->E->I->L->M->U->R->Q->N->J->F->C->A->D->Y->D->A->C->D->C->D->C->A->C->B->H->L->M->U->P->K->P->O,212.74,Y->G->J->O,8.7068
1170,176.00,3.00,1.00,0.100,10000,335.25,Y->G->J->N->M->Q->R->O,212.74,Y->G->J->O,1.5758
1171,176.35,3.00,1.00,0.100,10000,292.23,Y->D->G->K->P->O,212.74,Y->G->J->O,1.3736
1172,176.45,3.00,1.00,0.100,10000,1036.19,Y->D->C->A->B->F->E->I->L->H->L->U->Q->N->M->L->I->E->M->N->J->O,212.74,Y->G->J->O,4.8706
1173,176.52,3.00,1.00,0.100,10000,566.32,Y->G->D->A->B->E->N->M->U->Q->R->O,212.74,Y->G->J->O,2.6620
1174,176.65,3.00,1.00,0.100,10000,719.39,Y->D->G->J->N->M->Q->R->U->W->S->T->S->P->O,212.74,Y->G->J->O,3.3815
1175,176.66,3.00,1.00,0.100,10000,1140.37,Y->G->J->F->C->A->B->H->L->M->N->E->I->E->F->B->H->L->U->Q->R->O,212.74,Y->G->J->O,5.3603
1176,176.75,3.00,1.00,0.100,10000,292.23,Y->D->G->K->P->O,212.74,Y->G->J->O,1.3736
1177,176.94,3.00,1.00,0.100,10000,1442.16,Y->D->A->B->C->F->J->G->K->P->S->T->S->W->U->R->Q->N->E->I->L->M->L->H->L->H->L->M->Q->U->R->O,212.74,Y->G->J->O,6.7789
1178,177.01,3.00,1.00,0.100,10000,1409.28,Y->D->G->S->V->S->T->S->P->K->G->J->N->Q->M->L->I->E->B->A->C->F->B->H->L->U->R->O,212.74,Y->G->J->O,6.6244
1179,177.10,3.00,1.00,0.100,10000,223.74,Y->G->K->P->O,212.74,Y->G->J->O,1.0517
1180,177.38,3.00,1.00,0.100,10000,1010.60,Y->D->A->B->F->J->N->M->E->I->L->H->B->C->B->E->N->Q->U->R->O,212.74,Y->G->J->O,4.7504
1181,177.39,3.00,1.00,0.100,10000,712.21,Y->D->G->K->P->U->Q->M->E->F->J->N->Q->R->O,212.74,Y->G->J->O,3.3477
1182,177.40,3.00,1.00,0.100,10000,294.21,Y->G->D->C->F->J->O,212.74,Y->G->J->O,1.3829
1183,177.95,3.00,1.00,0.100,10000,628.93,Y->D->A->B->C->F->E->M->N->J->G->K->P->O,212.74,Y->G->J->O,2.9563
1184,178.06,3.00,1.00,0.100,10000,1380.18,Y->D->G->J->F->C->B->A->B->H->L->I->E->M->Q->R->U->W->S->T->S->V->S->P->K->G->J->O,212.74,Y->G->J->O,6.4876
1185,178.06,3.00,1.00,0.100,10000,1157.91,Y->G->D->A->C->B->E->M->Q->N->J->F->B->H->L->I->E->N->E->N->Q->U->R->O,212.74,Y->G->J->O,5.4428
1186,178.24,3.00,1.00,0.100,10000,676.73,Y->D->C->A->B->E->I->L->U->Q->N->M->Q->R->O,212.74,Y->G->J->O,3.1810
1187,178.30,3.00,1.00,0.100,10000,503.83,Y->D->G->J->F->E->M->N->Q->R->O,212.74,Y->G->J->O,2.3682
1188,178.31,3.00,1.00,0.100,10000,223.74,Y->G->K->P->O,212.74,Y->G->J->O,1.0517
1189,178.70,3.00,1.00,0.100,10000,1009.61,Y->G->J->F->E->N->M->L->H->B->A->D->C->B->E->I->L->U->Q->R->O,212.74,Y->G->J->O,4.7457
1190,179.13,3.00,1.00,0.100,10000,745.32,Y->D->G->K->P->S->V->S->T->S->W->U->Q->R->O,212.74,Y->G->J->O,3.5034
1191,179.27,3.00,1.00,0.100,10000,1910.90,Y->G->K->P->S->V->S->T->S->W->U->R->Q->N->J->F->C->D->A->B->E->I->L->M->L->H->B->H->B->E->B->F->B->C->A->C->A->C->F->J->O,212.74,Y->G->J->O,8.9822
1192,179.33,3.00,1.00,0.100,10000,292.23,Y->D->G->K->P->O,212.74,Y->G->J->O,1.3736
1193,179.65,3.00,1.00,0.100,10000,583.47,Y->G->J->N->E->I->L->M->U->Q->R->O,212.74,Y->G->J->O,2.7426
1194,179.77,3.00,1.00,0.100,10000,223.74,Y->G->K->P->O,212.74,Y->G->J->O,1.0517
1195,179.81,3.00,1.00,0.100,10000,1316.43,Y->G->J->F->B->E->I->L->M->U->R->Q->N->Q->M->U->P->S->T->S->V->S->W->U->Q->R->O,212.74,Y->G->J->O,6.1879
1196,180.03,3.00,1.00,0.100,10000,223.74,Y->G->K->P->O,212.74,Y->G->J->O,1.0517
1197,180.20,3.00,1.00,0.100,10000,1207.15,Y->D->A->B->C->F->J->G->K->P->S->T->S->W->U->L->I->E->M->Q->N->M->N->J->O,212.74,Y->G->J->O,5.6742
1198,180.53,3.00,1.00,0.100,10000,281.23,Y->D->G->J->O,212.74,Y->G->J->O,1.3219
1199,180.57,3.00,1.00,0.100,10000,223.74,Y->G->K->P->O,212.74,Y->G->J->O,1.0517
1200,180.58,3.00,1.00,0.100,10000,558.53,Y->D->C->A->B->F->J->N->M->Q->U->R->O,212.74,Y->G->J->O,2.6254
1201,180.71,3.00,1.00,0.100,10000,1240.78,Y->D->G->K->P->S->V->S->T->S->W->U->L->H->B->A->C->F->E->N->M->Q->R->O,212.74,Y->G->J->O,5.8323
1202,180.76,3.00,1.00,0.100,10000,292.23,Y->D->G->K->P->O,212.74,Y->G->J->O,1.3736
1203,180.82,3.00,1.00,0.100,10000,223.74,Y->G->K->P->O,212.74,Y->G->J->O,1.0517
1204,180.99,3.00,1.00,0.100,10000,223.74,Y->G->K->P->O,212.74,Y->G->J->O,1.0517
1205,181.05,3.00,1.00,0.100,10000,340.49,Y->G->D->A->C->F->J->O,212.74,Y->G->J->O,1.6005
1206,181.10,3.00,1.00,0.100,10000,223.74,Y->G->K->P->O,212.74,Y->G->J->O,1.0517
1207,181.18,3.00,1.00,0.100,10000,223.74,Y->G->K->P->O,212.74,Y->G->J->O,1.0517
1208,181.22,3.00,1.00,0.100,10000,292.23,Y->D->G->K->P->O,212.74,Y->G->J->O,1.3736
1209,181.26,3.00,1.00,0.100,10000,223.74,Y->G->K->P->O,212.74,Y->G->J->O,1.0517
1210,181.28,3.00,1.00,0.100,10000,1098.66,Y->D->C->F->E->N->M->L->H->B->A->C->B->E->I->L->U->W->S->P->O,212.74,Y->G->J->O,5.1643
1211,181.28,3.00,1.00,0.100,10000,924.57,Y->D->C->A->B->F->J->N->M->L->H->B->E->I->L->U->Q->R->O,212.74,Y->G->J->O,4.3460
1212,181.36,3.00,1.00,0.100,10000,852.94,Y->D->A->C->B->E->N->M->Q->U->L->H->B->F->J->O,212.74,Y->G->J->O,4.0093
1213,181.47,3.00,1.00,0.100,10000,223.74,Y->G->K->P->O,212.74,Y->G->J->O,1.0517
1214,181.55,3.00,1.00,0.100,10000,223.74,Y->G->K->P->O,212.74,Y->G->J->O,1.0517
1215,181.82,3.00,1.00,0.100,10000,223.74,Y->G->K->P->O,212.74,Y->G->J->O,1.0517
1216,181.94,3.00,1.00,0.100,10000,223.74,Y->G->K->P->O,212.74,Y->G->J->O,1.0517
1217,182.03,3.00,1.00,0.100,10000,223.74,Y->G->K->P->O,212.74,Y->G->J->O,1.0517
1218,182.06,3.00,1.00,0.100,10000,675.05,Y->G->D->C->B->A->B->E->N->M->Q->R->U->P->O,212.74,Y->G->J->O,3.1731
1219,182.10,3.00,1.00,0.100,10000,1391.73,Y->D->A->B->F->E->M->Q->N->J->G->S->P->K->P->U->L->H->B->C->D->A->C->F->J->O,212.74,Y->G->J->O,6.5419
1220,182.14,3.00,1.00,0.100,10000,796.11,Y->G->D->C->B->E->I->L->M->Q->R->U->W->S->V->S->P->O,212.74,Y->G->J->O,3.7421
1221,182.14,3.00,1.00,0.100,10000,223.74,Y->G->K->P->O,212.74,Y->G->J->O,1.0517
1222,182.22,3.00,1.00,0.100,10000,829.73,Y->G->J->F->C->A->B->E->I->L->M->N->Q->R->U->W->S->P->O,212.74,Y->G->J->O,3.9002
1223,182.24,3.00,1.00,0.100,10000,223.74,Y->G->K->P->O,212.74,Y->G->J->O,1.0517
1224,182.29,3.00,1.00,0.100,10000,1283.05,Y->G->J->N->Q->R->U->L->H->B->F->C->D->A->C->F->E->I->E->M->U->W->S->P->O,212.74,Y->G->J->O,6.0310
1225,182.34,3.00,1.00,0.100,10000,223.74,Y->G->K->P->O,212.74,Y->G->J->O,1.0517
1226,182.44,3.00,1.00,0.100,10000,223.74,Y->G->K->P->O,212.74,Y->G->J->O,1.0517
1227,182.52,3.00,1.00,0.100,10000,442.97,Y->D->C->B->A->D->G->K->P->O,212.74,Y->G->J->O,2.0822
1228,182.56,3.00,1.00,0.100,10000,223.74,Y->G->K->P->O,212.74,Y->G->J->O,1.0517
1229,182.67,3.00,1.00,0.100,10000,223.74,Y->G->K->P->O,212.74,Y->G->J->O,1.0517
1230,182.76,3.00,1.00,0.100,10000,223.74,Y->G->K->P->O,212.74,Y->G->J->O,1.0517
1231,182.87,3.00,1.00,0.100,10000,223.74,Y->G->K->P->O,212.74,Y->G->J->O,1.0517
1232,182.98,3.00,1.00,0.100,10000,223.74,Y->G->K->P->O,212.74,Y->G->J->O,1.0517
1233,183.01,3.00,1.00,0.100,10000,982.00,Y->G->K->P->S->V->S->T->S->W->U->M->L->I->E->F->J->N->Q->R->O,212.74,Y->G->J->O,4.6159
1234,183.08,3.00,1.00,0.100,10000,223.74,Y->G->K->P->O,212.74,Y->G->J->O,1.0517
1235,183.11,3.00,1.00,0.100,10000,1037.95,Y->D->C->F->J->N->M->L->I->E->B->A->B->H->L->U->W->S->P->O,212.74,Y->G->J->O,4.8789
1236,183.17,3.00,1.00,0.100,10000,663.73,Y->D->A->B->E->I->L->U->R->Q->M->N->J->O,212.74,Y->G->J->O,3.1199
1237,183.18,3.00,1.00,0.100,10000,223.74,Y->G->K->P->O,212.74,Y->G->J->O,1.0517
1238,183.21,3.00,1.00,0.100,10000,575.01,Y->G->D->C->A->B->E->I->L->M->U->R->O,212.74,Y->G->J->O,2.7029
1239,183.28,3.00,1.00,0.100,10000,223.74,Y->G->K->P->O,212.74,Y->G->J->O,1.0517
1240,183.40,3.00,1.00,0.100,10000,223.74,Y->G->K->P->O,212.74,Y->G->J->O,1.0517
1241,183.50,3.00,1.00,0.100,10000,223.74,Y->G->K->P->O,212.74,Y->G->J->O,1.0517
1242,183.60,3.00,1.00,0.100,10000,223.74,Y->G->K->P->O,212.74,Y->G->J->O,1.0517
1243,183.81,3.00,1.00,0.100,10000,223.74,Y->G->K->P->O,212.74,Y->G->J->O,1.0517
1244,183.92,3.00,1.00,0.100,10000,223.74,Y->G->K->P->O,212.74,Y->G->J->O,1.0517
1245,183.98,3.00,1.00,0.100,10000,997.21,Y->D->A->C->B->H->L->I->E->M->N->Q->U->W->S->V->S->P->O,212.74,Y->G->J->O,4.6874
1246,184.01,3.00,1.00,0.100,10000,223.74,Y->G->K->P->O,212.74,Y->G->J->O,1.0517
1247,184.06,3.00,1.00,0.100,10000,802.34,Y->G->D->C->F->E->B->A->B->H->L->I->E->M->N->J->O,212.74,Y->G->J->O,3.7714
1248,184.12,3.00,1.00,0.100,10000,223.74,Y->G->K->P->O,212.74,Y->G->J->O,1.0517
1249,184.21,3.00,1.00,0.100,10000,223.74,Y->G->K->P->O,212.74,Y->G->J->O,1.0517
1250,184.33,3.00,1.00,0.100,10000,223.74,Y->G->K->P->O,212.74,Y->G->J->O,1.0517
1251,184.44,3.00,1.00,0.100,10000,223.74,Y->G->K->P->O,212.74,Y->G->J->O,1.0517
1252,184.53,3.00,1.00,0.100,10000,223.74,Y->G->K->P->O,212.74,Y->G->J->O,1.0517
1253,184.58,3.00,1.00,0.100,10000,797.07,Y->G->J->F->E->B->H->L->I->L->M->N->Q->U->P->O,212.74,Y->G->J->O,3.7466
1254,184.64,3.00,1.00,0.100,10000,223.74,Y->G->K->P->O,212.74,Y->G->J->O,1.0517
1255,184.76,3.00,1.00,0.100,10000,223.74,Y->G->K->P->O,212.74,Y->G->J->O,1.0517
1256,184.84,3.00,1.00,0.100,10000,653.89,Y->D->C->F->B->E->I->L->M->N->J->G->K->P->O,212.74,Y->G->J->O,3.0736
1257,184.85,3.00,1.00,0.100,10000,223.74,Y->G->K->P->O,212.74,Y->G->J->O,1.0517
1258,184.96,3.00,1.00,0.100,10000,223.74,Y->G->K->P->O,212.74,Y->G->J->O,1.0517
1259,184.97,3.00,1.00,0.100,10000,725.66,Y->D->C->A->B->H->L->I->E->F->J->G->K->P->O,212.74,Y->G->J->O,3.4110
1260,185.04,3.00,1.00,0.100,10000,408.90,Y->D->C->F->J->N->M->Q->R->O,212.74,Y->G->J->O,1.9220
1261,185.06,3.00,1.00,0.100,10000,223.74,Y->G->K->P->O,212.74,Y->G->J->O,1.0517
1262,185.16,3.00,1.00,0.100,10000,223.74,Y->G->K->P->O,212.74,Y->G->J->O,1.0517
1263,185.22,3.00,1.00,0.100,10000,986.78,Y->G->J->N->Q->U->L->M->E->B->C->A->D->Y->G->K->P->O,212.74,Y->G->J->O,4.6384
1264,185.26,3.00,1.00,0.100,10000,223.74,Y->G->K->P->O,212.74,Y->G->J->O,1.0517
1265,185.37,3.00,1.00,0.100,10000,223.74,Y->G->K->P->O,212.74,Y->G->J->O,1.0517
1266,185.38,3.00,1.00,0.100,10000,1658.84,Y->G->J->N->Q->U->L->I->E->M->E->F->B->A->C->D->Y->D->C->F->B->H->B->C->F->B->F->J->O,212.74,Y->G->J->O,7.7974
1267,185.49,3.00,1.00,0.100,10000,223.74,Y->G->K->P->O,212.74,Y->G->J->O,1.0517
1268,185.58,3.00,1.00,0.100,10000,223.74,Y->G->K->P->O,212.74,Y->G->J->O,1.0517
1269,185.69,3.00,1.00,0.100,10000,223.74,Y->G->K->P->O,212.74,Y->G->J->O,1.0517
1270,185.80,3.00,1.00,0.100,10000,223.74,Y->G->K->P->O,212.74,Y->G->J->O,1.0517
1271,185.90,3.00,1.00,0.100,10000,223.74,Y->G->K->P->O,212.74,Y->G->J->O,1.0517
1272,186.01,3.00,1.00,0.100,10000,223.74,Y->G->K->P->O,212.74,Y->G->J->O,1.0517
1273,186.10,3.00,1.00,0.100,10000,223.74,Y->G->K->P->O,212.74,Y->G->J->O,1.0517
1274,186.21,3.00,1.00,0.100,10000,223.74,Y->G->K->P->O,212.74,Y->G->J->O,1.0517
1275,186.32,3.00,1.00,0.100,10000,223.74,Y->G->K->P->O,212.74,Y->G->J->O,1.0517
1276,186.42,3.00,1.00,0.100,10000,223.74,Y->G->K->P->O,212.74,Y->G->J->O,1.0517
1277,186.53,3.00,1.00,0.100,10000,223.74,Y->G->K->P->O,212.74,Y->G->J->O,1.0517
1278,186.63,3.00,1.00,0.100,10000,223.74,Y->G->K->P->O,212.74,Y->G->J->O,1.0517
1279,186.70,3.00,1.00,0.100,10000,2218.12,Y->D->G->K->P->S->W->U->R->Q->N->E->I->L->M->N->J->F->B->A->C->A->C->F->E->F->C->F->B->H->L->M->E->N->M->Q->U->W->U->L->I->E->N->J->O,212.74,Y->G->J->O,10.4263
1280,186.72,3.00,1.00,0.100,10000,1198.44,Y->G->K->P->U->R->Q->N->E->B->F->C->D->A->D->A->B->H->L->I->L->M->N->J->O,212.74,Y->G->J->O,5.6333
1281,186.74,3.00,1.00,0.100,10000,223.74,Y->G->K->P->O,212.74,Y->G->J->O,1.0517
1282,186.83,3.00,1.00,0.100,10000,223.74,Y->G->K->P->O,212.74,Y->G->J->O,1.0517
1283,186.95,3.00,1.00,0.100,10000,223.74,Y->G->K->P->O,212.74,Y->G->J->O,1.0517
1284,186.96,3.00,1.00,0.100,10000,212.74,Y->G->J->O,212.74,Y->G->J->O,1.0000
1285,187.02,3.00,1.00,0.100,10000,1432.35,Y->D->G->K->P->S->W->U->Q->M->L->H->B->E->N->J->F->C->A->C->F->B->F->E->I->L->U->R->O,212.74,Y->G->J->O,6.7328
1286,187.15,3.00,1.00,0.100,10000,223.74,Y->G->K->P->O,212.74,Y->G->J->O,1.0517
1287,187.26,3.00,1.00,0.100,10000,223.74,Y->G->K->P->O,212.74,Y->G->J->O,1.0517
1288,187.34,3.00,1.00,0.100,10000,1358.40,Y->G->D->C->F->J->N->M->L->I->E->B->A->B->H->B->H->B->E->B->E->F->C->D->G->K->P->O,212.74,Y->G->J->O,6.3852
1289,187.35,3.00,1.00,0.100,10000,223.74,Y->G->K->P->O,212.74,Y->G->J->O,1.0517
1290,187.46,3.00,1.00,0.100,10000,223.74,Y->G->K->P->O,212.74,Y->G->J->O,1.0517
1291,187.58,3.00,1.00,0.100,10000,223.74,Y->G->K->P->O,212.74,Y->G->J->O,1.0517
1292,187.67,3.00,1.00,0.100,10000,1060.17,Y->G->D->A->C->B->F->E->I->L->H->B->E->N->M->Q->R->U->W->S->P->O,212.74,Y->G->J->O,4.9834
1293,187.67,3.00,1.00,0.100,10000,223.74,Y->G->K->P->O,212.74,Y->G->J->O,1.0517
1294,187.78,3.00,1.00,0.100,10000,223.74,Y->G->K->P->O,212.74,Y->G->J->O,1.0517
1295,187.87,3.00,1.00,0.100,10000,223.74,Y->G->K->P->O,212.74,Y->G->J->O,1.0517
1296,187.98,3.00,1.00,0.100,10000,223.74,Y->G->K->P->O,212.74,Y->G->J->O,1.0517
1297,188.08,3.00,1.00,0.100,10000,223.74,Y->G->K->P->O,212.74,Y->G->J->O,1.0517
1298,188.20,3.00,1.00,0.100,10000,223.74,Y->G->K->P->O,212.74,Y->G->J->O,1.0517
1299,188.32,3.00,1.00,0.100,10000,223.74,Y->G->K->P->O,212.74,Y->G->J->O,1.0517
1300,188.40,3.00,1.00,0.100,10000,223.74,Y->G->K->P->O,212.74,Y->G->J->O,1.0517
1301,188.51,3.00,1.00,0.100,10000,223.74,Y->G->K->P->O,212.74,Y->G->J->O,1.0517
1302,188.62,3.00,1.00,0.100,10000,223.74,Y->G->K->P->O,212.74,Y->G->J->O,1.0517
1303,188.72,3.00,1.00,0.100,10000,223.74,Y->G->K->P->O,212.74,Y->G->J->O,1.0517
1304,188.82,3.00,1.00,0.100,10000,223.74,Y->G->K->P->O,212.74,Y->G->J->O,1.0517
1305,188.92,3.00,1.00,0.100,10000,223.74,Y->G->K->P->O,212.74,Y->G->J->O,1.0517
1306,188.95,3.00,1.00,0.100,10000,1961.11,Y->G->S->T->S->V->S->W->U->R->Q->M->E->I->L->H->B->C->D->A->C->F->J->N->E->F->C->B->C->D->C->B->C->D->Y->G->K->P->O,212.74,Y->G->J->O,9.2182
1307,189.01,3.00,1.00,0.100,10000,1430.49,Y->G->D->A->B->C->F->J->N->M->L->I->E->F->E->B->H->B->H->B->H->L->U->Q->R->O,212.74,Y->G->J->O,6.7240
1308,189.04,3.00,1.00,0.100,10000,223.74,Y->G->K->P->O,212.74,Y->G->J->O,1.0517
1309,189.14,3.00,1.00,0.100,10000,223.74,Y->G->K->P->O,212.74,Y->G->J->O,1.0517
1310,189.24,3.00,1.00,0.100,10000,223.74,Y->G->K->P->O,212.74,Y->G->J->O,1.0517
1311,189.36,3.00,1.00,0.100,10000,223.74,Y->G->K->P->O,212.74,Y->G->J->O,1.0517
1312,189.45,3.00,1.00,0.100,10000,223.74,Y->G->K->P->O,212.74,Y->G->J->O,1.0517
1313,189.56,3.00,1.00,0.100,10000,223.74,Y->G->K->P->O,212.74,Y->G->J->O,1.0517
1314,189.65,3.00,1.00,0.100,10000,223.74,Y->G->K->P->O,212.74,Y->G->J->O,1.0517
1315,189.77,3.00,1.00,0.100,10000,223.74,Y->G->K->P->O,212.74,Y->G->J->O,1.0517
1316,189.88,3.00,1.00,0.100,10000,223.74,Y->G->K->P->O,212.74,Y->G->J->O,1.0517
1317,189.97,3.00,1.00,0.100,10000,223.74,Y->G->K->P->O,212.74,Y->G->J->O,1.0517
1318,190.08,3.00,1.00,0.100,10000,223.74,Y->G->K->P->O,212.74,Y->G->J->O,1.0517
1319,190.20,3.00,1.00,0.100,10000,223.74,Y->G->K->P->O,212.74,Y->G->J->O,1.0517
1320,190.29,3.00,1.00,0.100,10000,223.74,Y->G->K->P->O,212.74,Y->G->J->O,1.0517
1321,190.40,3.00,1.00,0.100,10000,223.74,Y->G->K->P->O,212.74,Y->G->J->O,1.0517
1322,190.49,3.00,1.00,0.100,10000,223.74,Y->G->K->P->O,212.74,Y->G->J->O,1.0517
1323,190.60,3.00,1.00,0.100,10000,223.74,Y->G->K->P->O,212.74,Y->G->J->O,1.0517
1324,190.70,3.00,1.00,0.100,10000,223.74,Y->G->K->P->O,212.74,Y->G->J->O,1.0517
1325,190.81,3.00,1.00,0.100,10000,223.74,Y->G->K->P->O,212.74,Y->G->J->O,1.0517
1326,190.93,3.00,1.00,0.100,10000,223.74,Y->G->K->P->O,212.74,Y->G->J->O,1.0517
1327,191.01,3.00,1.00,0.100,10000,223.74,Y->G->K->P->O,212.74,Y->G->J->O,1.0517
1328,191.13,3.00,1.00,0.100,10000,223.74,Y->G->K->P->O,212.74,Y->G->J->O,1.0517
1329,191.24,3.00,1.00,0.100,10000,223.74,Y->G->K->P->O,212.74,Y->G->J->O,1.0517
1330,191.33,3.00,1.00,0.100,10000,223.74,Y->G->K->P->O,212.74,Y->G->J->O,1.0517
1331,191.44,3.00,1.00,0.100,10000,223.74,Y->G->K->P->O,212.74,Y->G->J->O,1.0517
1332,191.54,3.00,1.00,0.100,10000,223.74,Y->G->K->P->O,212.74,Y->G->J->O,1.0517
1333,191.65,3.00,1.00,0.100,10000,223.74,Y->G->K->P->O,212.74,Y->G->J->O,1.0517
1334,191.76,3.00,1.00,0.100,10000,223.74,Y->G->K->P->O,212.74,Y->G->J->O,1.0517
1335,191.85,3.00,1.00,0.100,10000,223.74,Y->G->K->P->O,212.74,Y->G->J->O,1.0517
1336,191.97,3.00,1.00,0.100,10000,223.74,Y->G->K->P->O,212.74,Y->G->J->O,1.0517
1337,192.07,3.00,1.00,0.100,10000,223.74,Y->G->K->P->O,212.74,Y->G->J->O,1.0517
1338,192.17,3.00,1.00,0.100,10000,223.74,Y->G->K->P->O,212.74,Y->G->J->O,1.0517
1339,192.27,3.00,1.00,0.100,10000,223.74,Y->G->K->P->O,212.74,Y->G->J->O,1.0517
1340,192.38,3.00,1.00,0.100,10000,223.74,Y->G->K->P->O,212.74,Y->G->J->O,1.0517
1341,192.47,3.00,1.00,0.100,10000,223.74,Y->G->K->P->O,212.74,Y->G->J->O,1.0517
1342,192.59,3.00,1.00,0.100,10000,223.74,Y->G->K->P->O,212.74,Y->G->J->O,1.0517
1343,192.70,3.00,1.00,0.100,10000,223.74,Y->G->K->P->O,212.74,Y->G->J->O,1.0517
1344,192.79,3.00,1.00,0.100,10000,223.74,Y->G->K->P->O,212.74,Y->G->J->O,1.0517
1345,192.90,3.00,1.00,0.100,10000,223.74,Y->G->K->P->O,212.74,Y->G->J->O,1.0517
1346,193.01,3.00,1.00,0.100,10000,223.74,Y->G->K->P->O,212.74,Y->G->J->O,1.0517
1347,193.11,3.00,1.00,0.100,10000,223.74,Y->G->K->P->O,212.74,Y->G->J->O,1.0517
1348,193.22,3.00,1.00,0.100,10000,223.74,Y->G->K->P->O,212.74,Y->G->J->O,1.0517
1349,193.31,3.00,1.00,0.100,10000,223.74,Y->G->K->P->O,212.74,Y->G->J->O,1.0517
1350,193.42,3.00,1.00,0.100,10000,223.74,Y->G->K->P->O,212.74,Y->G->J->O,1.0517
1351,193.51,3.00,1.00,0.100,10000,223.74,Y->G->K->P->O,212.74,Y->G->J->O,1.0517
1352,193.63,3.00,1.00,0.100,10000,223.74,Y->G->K->P->O,212.74,Y->G->J->O,1.0517
1353,193.75,3.00,1.00,0.100,10000,223.74,Y->G->K->P->O,212.74,Y->G->J->O,1.0517
1354,193.83,3.00,1.00,0.100,10000,223.74,Y->G->K->P->O,212.74,Y->G->J->O,1.0517
1355,193.95,3.00,1.00,0.100,10000,223.74,Y->G->K->P->O,212.74,Y->G->J->O,1.0517
1356,194.06,3.00,1.00,0.100,10000,223.74,Y->G->K->P->O,212.74,Y->G->J->O,1.0517
1357,194.15,3.00,1.00,0.100,10000,223.74,Y->G->K->P->O,212.74,Y->G->J->O,1.0517
1358,194.26,3.00,1.00,0.100,10000,223.74,Y->G->K->P->O,212.74,Y->G->J->O,1.0517
1359,194.35,3.00,1.00,0.100,10000,223.74,Y->G->K->P->O,212.74,Y->G->J->O,1.0517
1360,194.47,3.00,1.00,0.100,10000,223.74,Y->G->K->P->O,212.74,Y->G->J->O,1.0517
1361,194.58,3.00,1.00,0.100,10000,223.74,Y->G->K->P->O,212.74,Y->G->J->O,1.0517
1362,194.67,3.00,1.00,0.100,10000,223.74,Y->G->K->P->O,212.74,Y->G->J->O,1.0517
1363,194.79,3.00,1.00,0.100,10000,223.74,Y->G->K->P->O,212.74,Y->G->J->O,1.0517
1364,194.89,3.00,1.00,0.100,10000,223.74,Y->G->K->P->O,212.74,Y->G->J->O,1.0517
1365,194.99,3.00,1.00,0.100,10000,223.74,Y->G->K->P->O,212.74,Y->G->J->O,1.0517
1366,195.09,3.00,1.00,0.100,10000,223.74,Y->G->K->P->O,212.74,Y->G->J->O,1.0517
1367,195.20,3.00,1.00,0.100,10000,223.74,Y->G->K->P->O,212.74,Y->G->J->O,1.0517
1368,195.29,3.00,1.00,0.100,10000,223.74,Y->G->K->P->O,212.74,Y->G->J->O,1.0517
1369,195.41,3.00,1.00,0.100,10000,223.74,Y->G->K->P->O,212.74,Y->G->J->O,1.0517
1370,195.51,3.00,1.00,0.100,10000,223.74,Y->G->K->P->O,212.74,Y->G->J->O,1.0517
1371,195.61,3.00,1.00,0.100,10000,223.74,Y->G->K->P->O,212.74,Y->G->J->O,1.0517
1372,195.72,3.00,1.00,0.100,10000,223.74,Y->G->K->P->O,212.74,Y->G->J->O,1.0517
1373,195.83,3.00,1.00,0.100,10000,223.74,Y->G->K->P->O,212.74,Y->G->J->O,1.0517
1374,195.93,3.00,1.00,0.100,10000,223.74,Y->G->K->P->O,212.74,Y->G->J->O,1.0517
1375,196.04,3.00,1.00,0.100,10000,223.74,Y->G->K->P->O,212.74,Y->G->J->O,1.0517
1376,196.13,3.00,1.00,0.100,10000,223.74,Y->G->K->P->O,212.74,Y->G->J->O,1.0517
1377,196.24,3.00,1.00,0.100,10000,223.74,Y->G->K->P->O,212.74,Y->G->J->O,1.0517
1378,196.33,3.00,1.00,0.100,10000,223.74,Y->G->K->P->O,212.74,Y->G->J->O,1.0517
1379,196.45,3.00,1.00,0.100,10000,223.74,Y->G->K->P->O,212.74,Y->G->J->O,1.0517
1380,196.57,3.00,1.00,0.100,10000,223.74,Y->G->K->P->O,212.74,Y->G->J->O,1.0517
1381,196.65,3.00,1.00,0.100,10000,223.74,Y->G->K->P->O,212.74,Y->G->J->O,1.0517
1382,196.77,3.00,1.00,0.100,10000,223.74,Y->G->K->P->O,212.74,Y->G->J->O,1.0517
1383,196.88,3.00,1.00,0.100,10000,223.74,Y->G->K->P->O,212.74,Y->G->J->O,1.0517
1384,196.97,3.00,1.00,0.100,10000,223.74,Y->G->K->P->O,212.74,Y->G->J->O,1.0517
1385,197.08,3.00,1.00,0.100,10000,223.74,Y->G->K->P->O,212.74,Y->G->J->O,1.0517
1386,197.17,3.00,1.00,0.100,10000,223.74,Y->G->K->P->O,212.74,Y->G->J->O,1.0517
1387,197.29,3.00,1.00,0.100,10000,223.74,Y->G->K->P->O,212.74,Y->G->J->O,1.0517
1388,197.40,3.00,1.00,0.100,10000,223.74,Y->G->K->P->O,212.74,Y->G->J->O,1.0517
1389,197.49,3.00,1.00,0.100,10000,223.74,Y->G->K->P->O,212.74,Y->G->J->O,1.0517
1390,197.61,3.00,1.00,0.100,10000,223.74,Y->G->K->P->O,212.74,Y->G->J->O,1.0517
1391,197.71,3.00,1.00,0.100,10000,223.74,Y->G->K->P->O,212.74,Y->G->J->O,1.0517
1392,197.81,3.00,1.00,0.100,10000,223.74,Y->G->K->P->O,212.74,Y->G->J->O,1.0517
1393,197.91,3.00,1.00,0.100,10000,223.74,Y->G->K->P->O,212.74,Y->G->J->O,1.0517
1394,198.01,3.00,1.00,0.100,10000,223.74,Y->G->K->P->O,212.74,Y->G->J->O,1.0517
1395,198.11,3.00,1.00,0.100,10000,223.74,Y->G->K->P->O,212.74,Y->G->J->O,1.0517
1396,198.23,3.00,1.00,0.100,10000,223.74,Y->G->K->P->O,212.74,Y->G->J->O,1.0517
1397,198.33,3.00,1.00,0.100,10000,223.74,Y->G->K->P->O,212.74,Y->G->J->O,1.0517
1398,198.43,3.00,1.00,0.100,10000,223.74,Y->G->K->P->O,212.74,Y->G->J->O,1.0517
1399,198.54,3.00,1.00,0.100,10000,223.74,Y->G->K->P->O,212.74,Y->G->J->O,1.0517
1400,198.65,3.00,1.00,0.100,10000,223.74,Y->G->K->P->O,212.74,Y->G->J->O,1.0517
1401,198.75,3.00,1.00,0.100,10000,223.74,Y->G->K->P->O,212.74,Y->G->J->O,1.0517
1402,198.85,3.00,1.00,0.100,10000,223.74,Y->G->K->P->O,212.74,Y->G->J->O,1.0517
1403,198.95,3.00,1.00,0.100,10000,223.74,Y->G->K->P->O,212.74,Y->G->J->O,1.0517
1404,199.06,3.00,1.00,0.100,10000,223.74,Y->G->K->P->O,212.74,Y->G->J->O,1.0517
1405,199.15,3.00,1.00,0.100,10000,223.74,Y->G->K->P->O,212.74,Y->G->J->O,1.0517
1406,199.27,3.00,1.00,0.100,10000,223.74,Y->G->K->P->O,212.74,Y->G->J->O,1.0517
1407,199.39,3.00,1.00,0.100,10000,223.74,Y->G->K->P->O,212.74,Y->G->J->O,1.0517
1408,199.47,3.00,1.00,0.100,10000,223.74,Y->G->K->P->O,212.74,Y->G->J->O,1.0517
1409,199.59,3.00,1.00,0.100,10000,223.74,Y->G->K->P->O,212.74,Y->G->J->O,1.0517
1410,199.62,3.00,1.00,0.100,10000,3539.45,Y->D->G->K->P->S->V->S->W->U->R->Q->M->E->I->L->H->B->F->J->N->E->N->Q->U->W->U->W->U->W->U->L->U->L->U->W->U->L->H->L->U->M->E->I->E->N->E->M->L->U->M->Q->M->L->M->Q->N->J->O,212.74,Y->G->J->O,16.6372
1411,199.69,3.00,1.00,0.100,10000,223.74,Y->G->K->P->O,212.74,Y->G->J->O,1.0517
1412,199.79,3.00,1.00,0.100,10000,223.74,Y->G->K->P->O,212.74,Y->G->J->O,1.0517
1413,199.90,3.00,1.00,0.100,10000,223.74,Y->G->K->P->O,212.74,Y->G->J->O,1.0517
1414,199.99,3.00,1.00,0.100,10000,223.74,Y->G->K->P->O,212.74,Y->G->J->O,1.0517
1415,200.11,3.00,1.00,0.100,10000,223.74,Y->G->K->P->O,212.74,Y->G->J->O,1.0517
1416,200.22,3.00,1.00,0.100,10000,223.74,Y->G->K->P->O,212.74,Y->G->J->O,1.0517
1417,200.31,3.00,1.00,0.100,10000,223.74,Y->G->K->P->O,212.74,Y->G->J->O,1.0517
1418,200.43,3.00,1.00,0.100,10000,223.74,Y->G->K->P->O,212.74,Y->G->J->O,1.0517
1419,200.53,3.00,1.00,0.100,10000,223.74,Y->G->K->P->O,212.74,Y->G->J->O,1.0517
1420,200.63,3.00,1.00,0.100,10000,223.74,Y->G->K->P->O,212.74,Y->G->J->O,1.0517
1421,200.73,3.00,1.00,0.100,10000,223.74,Y->G->K->P->O,212.74,Y->G->J->O,1.0517
1422,200.83,3.00,1.00,0.100,10000,223.74,Y->G->K->P->O,212.74,Y->G->J->O,1.0517
1423,200.93,3.00,1.00,0.100,10000,223.74,Y->G->K->P->O,212.74,Y->G->J->O,1.0517
1424,201.05,3.00,1.00,0.100,10000,223.74,Y->G->K->P->O,212.74,Y->G->J->O,1.0517
1425,201.15,3.00,1.00,0.100,10000,223.74,Y->G->K->P->O,212.74,Y->G->J->O,1.0517
1426,201.25,3.00,1.00,0.100,10000,223.74,Y->G->K->P->O,212.74,Y->G->J->O,1.0517
1427,201.35,3.00,1.00,0.100,10000,223.74,Y->G->K->P->O,212.74,Y->G->J->O,1.0517
1428,201.47,3.00,1.00,0.100,10000,223.74,Y->G->K->P->O,212.74,Y->G->J->O,1.0517
1429,201.57,3.00,1.00,0.100,10000,223.74,Y->G->K->P->O,212.74,Y->G->J->O,1.0517
1430,201.67,3.00,1.00,0.100,10000,223.74,Y->G->K->P->O,212.74,Y->G->J->O,1.0517
1431,201.77,3.00,1.00,0.100,10000,223.74,Y->G->K->P->O,212.74,Y->G->J->O,1.0517
1432,201.88,3.00,1.00,0.100,10000,223.74,Y->G->K->P->O,212.74,Y->G->J->O,1.0517
1433,201.97,3.00,1.00,0.100,10000,223.74,Y->G->K->P->O,212.74,Y->G->J->O,1.0517
1434,202.09,3.00,1.00,0.100,10000,223.74,Y->G->K->P->O,212.74,Y->G->J->O,1.0517
1435,202.21,3.00,1.00,0.100,10000,223.74,Y->G->K->P->O,212.74,Y->G->J->O,1.0517
1436,202.29,3.00,1.00,0.100,10000,223.74,Y->G->K->P->O,212.74,Y->G->J->O,1.0517
1437,202.41,3.00,1.00,0.100,10000,223.74,Y->G->K->P->O,212.74,Y->G->J->O,1.0517
1438,202.51,3.00,1.00,0.100,10000,223.74,Y->G->K->P->O,212.74,Y->G->J->O,1.0517
1439,202.61,3.00,1.00,0.100,10000,223.74,Y->G->K->P->O,212.74,Y->G->J->O,1.0517
1440,202.72,3.00,1.00,0.100,10000,223.74,Y->G->K->P->O,212.74,Y->G->J->O,1.0517
1441,202.81,3.00,1.00,0.100,10000,223.74,Y->G->K->P->O,212.74,Y->G->J->O,1.0517
1442,202.93,3.00,1.00,0.100,10000,223.74,Y->G->K->P->O,212.74,Y->G->J->O,1.0517
1443,203.04,3.00,1.00,0.100,10000,223.74,Y->G->K->P->O,212.74,Y->G->J->O,1.0517
1444,203.13,3.00,1.00,0.100,10000,223.74,Y->G->K->P->O,212.74,Y->G->J->O,1.0517
1445,203.25,3.00,1.00,0.100,10000,223.74,Y->G->K->P->O,212.74,Y->G->J->O,1.0517
1446,203.35,3.00,1.00,0.100,10000,223.74,Y->G->K->P->O,212.74,Y->G->J->O,1.0517
1447,203.45,3.00,1.00,0.100,10000,223.74,Y->G->K->P->O,212.74,Y->G->J->O,1.0517
1448,203.55,3.00,1.00,0.100,10000,223.74,Y->G->K->P->O,212.74,Y->G->J->O,1.0517
1449,203.65,3.00,1.00,0.100,10000,223.74,Y->G->K->P->O,212.74,Y->G->J->O,1.0517
1450,203.75,3.00,1.00,0.100,10000,223.74,Y->G->K->P->O,212.74,Y->G->J->O,1.0517
1451,203.87,3.00,1.00,0.100,10000,223.74,Y->G->K->P->O,212.74,Y->G->J->O,1.0517
1452,203.97,3.00,1.00,0.100,10000,223.74,Y->G->K->P->O,212.74,Y->G->J->O,1.0517
1453,204.07,3.00,1.00,0.100,10000,223.74,Y->G->K->P->O,212.74,Y->G->J->O,1.0517
1454,204.17,3.00,1.00,0.100,10000,223.74,Y->G->K->P->O,212.74,Y->G->J->O,1.0517
1455,204.29,3.00,1.00,0.100,10000,223.74,Y->G->K->P->O,212.74,Y->G->J->O,1.0517
1456,204.39,3.00,1.00,0.100,10000,223.74,Y->G->K->P->O,212.74,Y->G->J->O,1.0517
1457,204.49,3.00,1.00,0.100,10000,223.74,Y->G->K->P->O,212.74,Y->G->J->O,1.0517
1458,204.59,3.00,1.00,0.100,10000,223.74,Y->G->K->P->O,212.74,Y->G->J->O,1.0517
1459,204.69,3.00,1.00,0.100,10000,223.74,Y->G->K->P->O,212.74,Y->G->J->O,1.0517
1460,204.79,3.00,1.00,0.100,10000,223.74,Y->G->K->P->O,212.74,Y->G->J->O,1.0517
1461,204.91,3.00,1.00,0.100,10000,223.74,Y->G->K->P->O,212.74,Y->G->J->O,1.0517
1462,205.03,3.00,1.00,0.100,10000,223.74,Y->G->K->P->O,212.74,Y->G->J->O,1.0517
1463,205.11,3.00,1.00,0.100,10000,223.74,Y->G->K->P->O,212.74,Y->G->J->O,1.0517
1464,205.23,3.00,1.00,0.100,10000,223.74,Y->G->K->P->O,212.74,Y->G->J->O,1.0517
1465,205.33,3.00,1.00,0.100,10000,223.74,Y->G->K->P->O,212.74,Y->G->J->O,1.0517
1466,205.43,3.00,1.00,0.100,10000,223.74,Y->G->K->P->O,212.74,Y->G->J->O,1.0517
1467,205.63,3.00,1.00,0.100,10000,223.74,Y->G->K->P->O,212.74,Y->G->J->O,1.0517
1468,205.75,3.00,1.00,0.100,10000,223.74,Y->G->K->P->O,212.74,Y->G->J->O,1.0517
1469,205.85,3.00,1.00,0.100,10000,223.74,Y->G->K->P->O,212.74,Y->G->J->O,1.0517
1470,205.95,3.00,1.00,0.100,10000,223.74,Y->G->K->P->O,212.74,Y->G->J->O,1.0517
1471,206.07,3.00,1.00,0.100,10000,223.74,Y->G->K->P->O,212.74,Y->G->J->O,1.0517
1472,206.17,3.00,1.00,0.100,10000,223.74,Y->G->K->P->O,212.74,Y->G->J->O,1.0517
1473,206.27,3.00,1.00,0.100,10000,223.74,Y->G->K->P->O,212.74,Y->G->J->O,1.0517
1474,206.37,3.00,1.00,0.100,10000,223.74,Y->G->K->P->O,212.74,Y->G->J->O,1.0517
1475,206.47,3.00,1.00,0.100,10000,223.74,Y->G->K->P->O,212.74,Y->G->J->O,1.0517
1476,206.57,3.00,1.00,0.100,10000,223.74,Y->G->K->P->O,212.74,Y->G->J->O,1.0517
1477,206.69,3.00,1.00,0.100,10000,223.74,Y->G->K->P->O,212.74,Y->G->J->O,1.0517
1478,206.79,3.00,1.00,0.100,10000,223.74,Y->G->K->P->O,212.74,Y->G->J->O,1.0517
1479,206.89,3.00,1.00,0.100,10000,223.74,Y->G->K->P->O,212.74,Y->G->J->O,1.0517
1480,206.99,3.00,1.00,0.100,10000,223.74,Y->G->K->P->O,212.74,Y->G->J->O,1.0517
1481,207.11,3.00,1.00,0.100,10000,223.74,Y->G->K->P->O,212.74,Y->G->J->O,1.0517
1482,207.21,3.00,1.00,0.100,10000,223.74,Y->G->K->P->O,212.74,Y->G->J->O,1.0517
1483,207.31,3.00,1.00,0.100,10000,223.74,Y->G->K->P->O,212.74,Y->G->J->O,1.0517
1484,207.41,3.00,1.00,0.100,10000,223.74,Y->G->K->P->O,212.74,Y->G->J->O,1.0517
1485,207.51,3.00,1.00,0.100,10000,223.74,Y->G->K->P->O,212.74,Y->G->J->O,1.0517
1486,207.61,3.00,1.00,0.100,10000,223.74,Y->G->K->P->O,212.74,Y->G->J->O,1.0517
1487,207.73,3.00,1.00,0.100,10000,223.74,Y->G->K->P->O,212.74,Y->G->J->O,1.0517
1488,207.85,3.00,1.00,0.100,10000,223.74,Y->G->K->P->O,212.74,Y->G->J->O,1.0517
1489,207.93,3.00,1.00,0.100,10000,223.74,Y->G->K->P->O,212.74,Y->G->J->O,1.0517
1490,208.05,3.00,1.00,0.100,10000,223.74,Y->G->K->P->O,212.74,Y->G->J->O,1.0517
1491,208.15,3.00,1.00,0.100,10000,223.74,Y->G->K->P->O,212.74,Y->G->J->O,1.0517
1492,208.25,3.00,1.00,0.100,10000,223.74,Y->G->K->P->O,212.74,Y->G->J->O,1.0517
1493,208.35,3.00,1.00,0.100,10000,223.74,Y->G->K->P->O,212.74,Y->G->J->O,1.0517
1494,208.45,3.00,1.00,0.100,10000,223.74,Y->G->K->P->O,212.74,Y->G->J->O,1.0517
1495,208.57,3.00,1.00,0.100,10000,223.74,Y->G->K->P->O,212.74,Y->G->J->O,1.0517
1496,208.67,3.00,1.00,0.100,10000,223.74,Y->G->K->P->O,212.74,Y->G->J->O,1.0517
1497,208.77,3.00,1.00,0.100,10000,223.74,Y->G->K->P->O,212.74,Y->G->J->O,1.0517
1498,208.89,3.00,1.00,0.100,10000,223.74,Y->G->K->P->O,212.74,Y->G->J->O,1.0517
1499,209.00,3.00,1.00,0.100,10000,223.74,Y->G->K->P->O,212.74,Y->G->J->O,1.0517
1500,209.09,3.00,1.00,0.100,10000,223.74,Y->G->K->P->O,212.74,Y->G->J->O,1.0517
1501,209.19,3.00,1.00,0.100,10000,223.74,Y->G->K->P->O,212.74,Y->G->J->O,1.0517
1502,209.30,3.00,1.00,0.100,10000,223.74,Y->G->K->P->O,212.74,Y->G->J->O,1.0517
1503,209.40,3.00,1.00,0.100,10000,223.74,Y->G->K->P->O,212.74,Y->G->J->O,1.0517
1504,209.52,3.00,1.00,0.100,10000,223.74,Y->G->K->P->O,212.74,Y->G->J->O,1.0517
1505,209.62,3.00,1.00,0.100,10000,223.74,Y->G->K->P->O,212.74,Y->G->J->O,1.0517
1506,209.71,3.00,1.00,0.100,10000,223.74,Y->G->K->P->O,212.74,Y->G->J->O,1.0517
1507,209.82,3.00,1.00,0.100,10000,223.74,Y->G->K->P->O,212.74,Y->G->J->O,1.0517
1508,209.92,3.00,1.00,0.100,10000,223.74,Y->G->K->P->O,212.74,Y->G->J->O,1.0517
1509,210.02,3.00,1.00,0.100,10000,223.74,Y->G->K->P->O,212.74,Y->G->J->O,1.0517
1510,210.14,3.00,1.00,0.100,10000,223.74,Y->G->K->P->O,212.74,Y->G->J->O,1.0517
1511,210.23,3.00,1.00,0.100,10000,223.74,Y->G->K->P->O,212.74,Y->G->J->O,1.0517
1512,210.34,3.00,1.00,0.100,10000,223.74,Y->G->K->P->O,212.74,Y->G->J->O,1.0517
1513,210.44,3.00,1.00,0.100,10000,223.74,Y->G->K->P->O,212.74,Y->G->J->O,1.0517
1514,210.56,3.00,1.00,0.100,10000,223.74,Y->G->K->P->O,212.74,Y->G->J->O,1.0517
1515,210.68,3.00,1.00,0.100,10000,223.74,Y->G->K->P->O,212.74,Y->G->J->O,1.0517
1516,210.76,3.00,1.00,0.100,10000,223.74,Y->G->K->P->O,212.74,Y->G->J->O,1.0517
1517,210.88,3.00,1.00,0.100,10000,223.74,Y->G->K->P->O,212.74,Y->G->J->O,1.0517
1518,210.98,3.00,1.00,0.100,10000,223.74,Y->G->K->P->O,212.74,Y->G->J->O,1.0517
1519,211.08,3.00,1.00,0.100,10000,223.74,Y->G->K->P->O,212.74,Y->G->J->O,1.0517
1520,211.18,3.00,1.00,0.100,10000,223.74,Y->G->K->P->O,212.74,Y->G->J->O,1.0517
1521,211.28,3.00,1.00,0.100,10000,223.74,Y->G->K->P->O,212.74,Y->G->J->O,1.0517
1522,211.40,3.00,1.00,0.100,10000,223.74,Y->G->K->P->O,212.74,Y->G->J->O,1.0517
1523,211.50,3.00,1.00,0.100,10000,223.74,Y->G->K->P->O,212.74,Y->G->J->O,1.0517
1524,211.60,3.00,1.00,0.100,10000,223.74,Y->G->K->P->O,212.74,Y->G->J->O,1.0517
1525,211.72,3.00,1.00,0.100,10000,223.74,Y->G->K->P->O,212.74,Y->G->J->O,1.0517
1526,211.82,3.00,1.00,0.100,10000,223.74,Y->G->K->P->O,212.74,Y->G->J->O,1.0517
1527,211.92,3.00,1.00,0.100,10000,223.74,Y->G->K->P->O,212.74,Y->G->J->O,1.0517
1528,212.02,3.00,1.00,0.100,10000,223.74,Y->G->K->P->O,212.74,Y->G->J->O,1.0517
1529,212.12,3.00,1.00,0.100,10000,223.74,Y->G->K->P->O,212.74,Y->G->J->O,1.0517
1530,212.22,3.00,1.00,0.100,10000,223.74,Y->G->K->P->O,212.74,Y->G->J->O,1.0517
1531,212.34,3.00,1.00,0.100,10000,223.74,Y->G->K->P->O,212.74,Y->G->J->O,1.0517
1532,212.44,3.00,1.00,0.100,10000,223.74,Y->G->K->P->O,212.74,Y->G->J->O,1.0517
1533,212.54,3.00,1.00,0.100,10000,223.74,Y->G->K->P->O,212.74,Y->G->J->O,1.0517
1534,212.64,3.00,1.00,0.100,10000,223.74,Y->G->K->P->O,212.74,Y->G->J->O,1.0517
1535,212.76,3.00,1.00,0.100,10000,223.74,Y->G->K->P->O,212.74,Y->G->J->O,1.0517
1536,212.86,3.00,1.00,0.100,10000,223.74,Y->G->K->P->O,212.74,Y->G->J->O,1.0517
1537,212.96,3.00,1.00,0.100,10000,223.74,Y->G->K->P->O,212.74,Y->G->J->O,1.0517
1538,213.06,3.00,1.00,0.100,10000,223.74,Y->G->K->P->O,212.74,Y->G->J->O,1.0517
1539,213.16,3.00,1.00,0.100,10000,223.74,Y->G->K->P->O,212.74,Y->G->J->O,1.0517
1540,213.26,3.00,1.00,0.100,10000,223.74,Y->G->K->P->O,212.74,Y->G->J->O,1.0517
1541,213.38,3.00,1.00,0.100,10000,223.74,Y->G->K->P->O,212.74,Y->G->J->O,1.0517
1542,213.50,3.00,1.00,0.100,10000,223.74,Y->G->K->P->O,212.74,Y->G->J->O,1.0517
1543,213.58,3.00,1.00,0.100,10000,223.74,Y->G->K->P->O,212.74,Y->G->J->O,1.0517
1544,213.70,3.00,1.00,0.100,10000,223.74,Y->G->K->P->O,212.74,Y->G->J->O,1.0517
1545,213.80,3.00,1.00,0.100,10000,223.74,Y->G->K->P->O,212.74,Y->G->J->O,1.0517
1546,213.90,3.00,1.00,0.100,10000,223.74,Y->G->K->P->O,212.74,Y->G->J->O,1.0517
1547,214.00,3.00,1.00,0.100,10000,223.74,Y->G->K->P->O,212.74,Y->G->J->O,1.0517
1548,214.10,3.00,1.00,0.100,10000,223.74,Y->G->K->P->O,212.74,Y->G->J->O,1.0517
1549,214.22,3.00,1.00,0.100,10000,223.74,Y->G->K->P->O,212.74,Y->G->J->O,1.0517
1550,214.32,3.00,1.00,0.100,10000,223.74,Y->G->K->P->O,212.74,Y->G->J->O,1.0517
1551,214.42,3.00,1.00,0.100,10000,223.74,Y->G->K->P->O,212.74,Y->G->J->O,1.0517
1552,214.54,3.00,1.00,0.100,10000,223.74,Y->G->K->P->O,212.74,Y->G->J->O,1.0517
1553,214.64,3.00,1.00,0.100,10000,223.74,Y->G->K->P->O,212.74,Y->G->J->O,1.0517
1554,214.74,3.00,1.00,0.100,10000,223.74,Y->G->K->P->O,212.74,Y->G->J->O,1.0517
1555,214.84,3.00,1.00,0.100,10000,223.74,Y->G->K->P->O,212.74,Y->G->J->O,1.0517
1556,214.94,3.00,1.00,0.100,10000,223.74,Y->G->K->P->O,212.74,Y->G->J->O,1.0517
1557,215.04,3.00,1.00,0.100,10000,223.74,Y->G->K->P->O,212.74,Y->G->J->O,1.0517
1558,215.16,3.00,1.00,0.100,10000,223.74,Y->G->K->P->O,212.74,Y->G->J->O,1.0517
1559,215.26,3.00,1.00,0.100,10000,223.74,Y->G->K->P->O,212.74,Y->G->J->O,1.0517
1560,215.36,3.00,1.00,0.100,10000,223.74,Y->G->K->P->O,212.74,Y->G->J->O,1.0517
1561,215.46,3.00,1.00,0.100,10000,223.74,Y->G->K->P->O,212.74,Y->G->J->O,1.0517
1562,215.58,3.00,1.00,0.100,10000,223.74,Y->G->K->P->O,212.74,Y->G->J->O,1.0517
1563,215.68,3.00,1.00,0.100,10000,223.74,Y->G->K->P->O,212.74,Y->G->J->O,1.0517
1564,215.78,3.00,1.00,0.100,10000,223.74,Y->G->K->P->O,212.74,Y->G->J->O,1.0517
1565,215.88,3.00,1.00,0.100,10000,223.74,Y->G->K->P->O,212.74,Y->G->J->O,1.0517
1566,215.98,3.00,1.00,0.100,10000,223.74,Y->G->K->P->O,212.74,Y->G->J->O,1.0517
1567,216.08,3.00,1.00,0.100,10000,223.74,Y->G->K->P->O,212.74,Y->G->J->O,1.0517
1568,216.20,3.00,1.00,0.100,10000,223.74,Y->G->K->P->O,212.74,Y->G->J->O,1.0517
1569,216.32,3.00,1.00,0.100,10000,223.74,Y->G->K->P->O,212.74,Y->G->J->O,1.0517
1570,216.40,3.00,1.00,0.100,10000,223.74,Y->G->K->P->O,212.74,Y->G->J->O,1.0517
1571,216.47,3.00,1.00,0.100,10000,1753.80,Y->G->K->P->U->L->H->B->C->A->D->Y->D->G->S->V->S->T->S->W->U->Q->M->N->E->F->J->O,212.74,Y->G->J->O,8.2438
1572,216.52,3.00,1.00,0.100,10000,223.74,Y->G->K->P->O,212.74,Y->G->J->O,1.0517
1573,216.62,3.00,1.00,0.100,10000,223.74,Y->G->K->P->O,212.74,Y->G->J->O,1.0517
1574,216.72,3.00,1.00,0.100,10000,223.74,Y->G->K->P->O,212.74,Y->G->J->O,1.0517
1575,216.82,3.00,1.00,0.100,10000,223.74,Y->G->K->P->O,212.74,Y->G->J->O,1.0517
1576,216.92,3.00,1.00,0.100,10000,223.74,Y->G->K->P->O,212.74,Y->G->J->O,1.0517
1577,217.04,3.00,1.00,0.100,10000,223.74,Y->G->K->P->O,212.74,Y->G->J->O,1.0517
1578,217.14,3.00,1.00,0.100,10000,223.74,Y->G->K->P->O,212.74,Y->G->J->O,1.0517
1579,217.24,3.00,1.00,0.100,10000,223.74,Y->G->K->P->O,212.74,Y->G->J->O,1.0517
1580,217.36,3.00,1.00,0.100,10000,223.74,Y->G->K->P->O,212.74,Y->G->J->O,1.0517
1581,217.45,3.00,1.00,0.100,10000,223.74,Y->G->K->P->O,212.74,Y->G->J->O,1.0517
1582,217.56,3.00,1.00,0.100,10000,223.74,Y->G->K->P->O,212.74,Y->G->J->O,1.0517
1583,217.66,3.00,1.00,0.100,10000,223.74,Y->G->K->P->O,212.74,Y->G->J->O,1.0517
1584,217.76,3.00,1.00,0.100,10000,223.74,Y->G->K->P->O,212.74,Y->G->J->O,1.0517
1585,217.86,3.00,1.00,0.100,10000,223.74,Y->G->K->P->O,212.74,Y->G->J->O,1.0517
1586,217.98,3.00,1.00,0.100,10000,223.74,Y->G->K->P->O,212.74,Y->G->J->O,1.0517
1587,218.08,3.00,1.00,0.100,10000,223.74,Y->G->K->P->O,212.74,Y->G->J->O,1.0517
1588,218.18,3.00,1.00,0.100,10000,223.74,Y->G->K->P->O,212.74,Y->G->J->O,1.0517
1589,218.28,3.00,1.00,0.100,10000,223.74,Y->G->K->P->O,212.74,Y->G->J->O,1.0517
1590,218.40,3.00,1.00,0.100,10000,223.74,Y->G->K->P->O,212.74,Y->G->J->O,1.0517
1591,218.50,3.00,1.00,0.100,10000,223.74,Y->G->K->P->O,212.74,Y->G->J->O,1.0517
1592,218.60,3.00,1.00,0.100,10000,223.74,Y->G->K->P->O,212.74,Y->G->J->O,1.0517
1593,218.70,3.00,1.00,0.100,10000,223.74,Y->G->K->P->O,212.74,Y->G->J->O,1.0517
1594,218.80,3.00,1.00,0.100,10000,223.74,Y->G->K->P->O,212.74,Y->G->J->O,1.0517
1595,218.90,3.00,1.00,0.100,10000,223.74,Y->G->K->P->O,212.74,Y->G->J->O,1.0517
1596,219.02,3.00,1.00,0.100,10000,223.74,Y->G->K->P->O,212.74,Y->G->J->O,1.0517
1597,219.14,3.00,1.00,0.100,10000,223.74,Y->G->K->P->O,212.74,Y->G->J->O,1.0517
1598,219.22,3.00,1.00,0.100,10000,223.74,Y->G->K->P->O,212.74,Y->G->J->O,1.0517
1599,219.34,3.00,1.00,0.100,10000,223.74,Y->G->K->P->O,212.74,Y->G->J->O,1.0517
1600,219.45,3.00,1.00,0.100,10000,223.74,Y->G->K->P->O,212.74,Y->G->J->O,1.0517
1601,219.54,3.00,1.00,0.100,10000,223.74,Y->G->K->P->O,212.74,Y->G->J->O,1.0517
1602,219.64,3.00,1.00,0.100,10000,223.74,Y->G->K->P->O,212.74,Y->G->J->O,1.0517
1603,219.74,3.00,1.00,0.100,10000,223.74,Y->G->K->P->O,212.74,Y->G->J->O,1.0517
1604,219.84,3.00,1.00,0.100,10000,223.74,Y->G->K->P->O,212.74,Y->G->J->O,1.0517
1605,219.94,3.00,1.00,0.100,10000,223.74,Y->G->K->P->O,212.74,Y->G->J->O,1.0517
1606,220.06,3.00,1.00,0.100,10000,223.74,Y->G->K->P->O,212.74,Y->G->J->O,1.0517
1607,220.16,3.00,1.00,0.100,10000,223.74,Y->G->K->P->O,212.74,Y->G->J->O,1.0517
1608,220.26,3.00,1.00,0.100,10000,223.74,Y->G->K->P->O,212.74,Y->G->J->O,1.0517
1609,220.38,3.00,1.00,0.100,10000,223.74,Y->G->K->P->O,212.74,Y->G->J->O,1.0517
1610,220.48,3.00,1.00,0.100,10000,223.74,Y->G->K->P->O,212.74,Y->G->J->O,1.0517
1611,220.58,3.00,1.00,0.100,10000,223.74,Y->G->K->P->O,212.74,Y->G->J->O,1.0517
1612,220.68,3.00,1.00,0.100,10000,223.74,Y->G->K->P->O,212.74,Y->G->J->O,1.0517
1613,220.78,3.00,1.00,0.100,10000,223.74,Y->G->K->P->O,212.74,Y->G->J->O,1.0517
1614,220.88,3.00,1.00,0.100,10000,223.74,Y->G->K->P->O,212.74,Y->G->J->O,1.0517
1615,221.00,3.00,1.00,0.100,10000,223.74,Y->G->K->P->O,212.74,Y->G->J->O,1.0517
1616,221.10,3.00,1.00,0.100,10000,223.74,Y->G->K->P->O,212.74,Y->G->J->O,1.0517
1617,221.20,3.00,1.00,0.100,10000,223.74,Y->G->K->P->O,212.74,Y->G->J->O,1.0517
1618,221.30,3.00,1.00,0.100,10000,223.74,Y->G->K->P->O,212.74,Y->G->J->O,1.0517
1619,221.42,3.00,1.00,0.100,10000,223.74,Y->G->K->P->O,212.74,Y->G->J->O,1.0517
1620,221.52,3.00,1.00,0.100,10000,223.74,Y->G->K->P->O,212.74,Y->G->J->O,1.0517
1621,221.62,3.00,1.00,0.100,10000,223.74,Y->G->K->P->O,212.74,Y->G->J->O,1.0517
1622,221.72,3.00,1.00,0.100,10000,223.74,Y->G->K->P->O,212.74,Y->G->J->O,1.0517
1623,221.82,3.00,1.00,0.100,10000,223.74,Y->G->K->P->O,212.74,Y->G->J->O,1.0517
1624,221.92,3.00,1.00,0.100,10000,223.74,Y->G->K->P->O,212.74,Y->G->J->O,1.0517
1625,222.04,3.00,1.00,0.100,10000,223.74,Y->G->K->P->O,212.74,Y->G->J->O,1.0517
1626,222.16,3.00,1.00,0.100,10000,223.74,Y->G->K->P->O,212.74,Y->G->J->O,1.0517
1627,222.24,3.00,1.00,0.100,10000,223.74,Y->G->K->P->O,212.74,Y->G->J->O,1.0517
1628,222.36,3.00,1.00,0.100,10000,223.74,Y->G->K->P->O,212.74,Y->G->J->O,1.0517
1629,222.46,3.00,1.00,0.100,10000,223.74,Y->G->K->P->O,212.74,Y->G->J->O,1.0517
1630,222.56,3.00,1.00,0.100,10000,223.74,Y->G->K->P->O,212.74,Y->G->J->O,1.0517
1631,222.66,3.00,1.00,0.100,10000,223.74,Y->G->K->P->O,212.74,Y->G->J->O,1.0517
1632,222.76,3.00,1.00,0.100,10000,223.74,Y->G->K->P->O,212.74,Y->G->J->O,1.0517
1633,222.88,3.00,1.00,0.100,10000,223.74,Y->G->K->P->O,212.74,Y->G->J->O,1.0517
1634,222.98,3.00,1.00,0.100,10000,223.74,Y->G->K->P->O,212.74,Y->G->J->O,1.0517
1635,223.08,3.00,1.00,0.100,10000,223.74,Y->G->K->P->O,212.74,Y->G->J->O,1.0517
1636,223.20,3.00,1.00,0.100,10000,223.74,Y->G->K->P->O,212.74,Y->G->J->O,1.0517
1637,223.29,3.00,1.00,0.100,10000,223.74,Y->G->K->P->O,212.74,Y->G->J->O,1.0517
1638,223.40,3.00,1.00,0.100,10000,223.74,Y->G->K->P->O,212.74,Y->G->J->O,1.0517
1639,223.50,3.00,1.00,0.100,10000,223.74,Y->G->K->P->O,212.74,Y->G->J->O,1.0517
1640,223.60,3.00,1.00,0.100,10000,223.74,Y->G->K->P->O,212.74,Y->G->J->O,1.0517
1641,223.70,3.00,1.00,0.100,10000,223.74,Y->G->K->P->O,212.74,Y->G->J->O,1.0517
1642,223.82,3.00,1.00,0.100,10000,223.74,Y->G->K->P->O,212.74,Y->G->J->O,1.0517
1643,223.92,3.00,1.00,0.100,10000,223.74,Y->G->K->P->O,212.74,Y->G->J->O,1.0517
1644,224.02,3.00,1.00,0.100,10000,223.74,Y->G->K->P->O,212.74,Y->G->J->O,1.0517
1645,224.12,3.00,1.00,0.100,10000,223.74,Y->G->K->P->O,212.74,Y->G->J->O,1.0517
1646,224.24,3.00,1.00,0.100,10000,223.74,Y->G->K->P->O,212.74,Y->G->J->O,1.0517
1647,224.34,3.00,1.00,0.100,10000,223.74,Y->G->K->P->O,212.74,Y->G->J->O,1.0517
1648,224.44,3.00,1.00,0.100,10000,223.74,Y->G->K->P->O,212.74,Y->G->J->O,1.0517
1649,224.54,3.00,1.00,0.100,10000,223.74,Y->G->K->P->O,212.74,Y->G->J->O,1.0517
1650,224.64,3.00,1.00,0.100,10000,223.74,Y->G->K->P->O,212.74,Y->G->J->O,1.0517
1651,224.74,3.00,1.00,0.100,10000,223.74,Y->G->K->P->O,212.74,Y->G->J->O,1.0517
1652,224.86,3.00,1.00,0.100,10000,223.74,Y->G->K->P->O,212.74,Y->G->J->O,1.0517
1653,224.97,3.00,1.00,0.100,10000,223.74,Y->G->K->P->O,212.74,Y->G->J->O,1.0517
1654,225.06,3.00,1.00,0.100,10000,223.74,Y->G->K->P->O,212.74,Y->G->J->O,1.0517
1655,225.18,3.00,1.00,0.100,10000,223.74,Y->G->K->P->O,212.74,Y->G->J->O,1.0517
1656,225.28,3.00,1.00,0.100,10000,223.74,Y->G->K->P->O,212.74,Y->G->J->O,1.0517
1657,225.38,3.00,1.00,0.100,10000,223.74,Y->G->K->P->O,212.74,Y->G->J->O,1.0517
1658,225.48,3.00,1.00,0.100,10000,223.74,Y->G->K->P->O,212.74,Y->G->J->O,1.0517
1659,225.58,3.00,1.00,0.100,10000,223.74,Y->G->K->P->O,212.74,Y->G->J->O,1.0517
1660,225.70,3.00,1.00,0.100,10000,223.74,Y->G->K->P->O,212.74,Y->G->J->O,1.0517
1661,225.80,3.00,1.00,0.100,10000,223.74,Y->G->K->P->O,212.74,Y->G->J->O,1.0517
1662,225.90,3.00,1.00,0.100,10000,223.74,Y->G->K->P->O,212.74,Y->G->J->O,1.0517
1663,226.02,3.00,1.00,0.100,10000,223.74,Y->G->K->P->O,212.74,Y->G->J->O,1.0517
1664,226.11,3.00,1.00,0.100,10000,223.74,Y->G->K->P->O,212.74,Y->G->J->O,1.0517
1665,226.22,3.00,1.00,0.100,10000,223.74,Y->G->K->P->O,212.74,Y->G->J->O,1.0517
1666,226.32,3.00,1.00,0.100,10000,223.74,Y->G->K->P->O,212.74,Y->G->J->O,1.0517
1667,226.42,3.00,1.00,0.100,10000,223.74,Y->G->K->P->O,212.74,Y->G->J->O,1.0517
1668,226.52,3.00,1.00,0.100,10000,223.74,Y->G->K->P->O,212.74,Y->G->J->O,1.0517
1669,226.63,3.00,1.00,0.100,10000,223.74,Y->G->K->P->O,212.74,Y->G->J->O,1.0517
1670,226.73,3.00,1.00,0.100,10000,223.74,Y->G->K->P->O,212.74,Y->G->J->O,1.0517
1671,226.84,3.00,1.00,0.100,10000,223.74,Y->G->K->P->O,212.74,Y->G->J->O,1.0517
1672,226.94,3.00,1.00,0.100,10000,223.74,Y->G->K->P->O,212.74,Y->G->J->O,1.0517
1673,227.06,3.00,1.00,0.100,10000,223.74,Y->G->K->P->O,212.74,Y->G->J->O,1.0517
1674,227.16,3.00,1.00,0.100,10000,223.74,Y->G->K->P->O,212.74,Y->G->J->O,1.0517
1675,227.26,3.00,1.00,0.100,10000,223.74,Y->G->K->P->O,212.74,Y->G->J->O,1.0517
1676,227.36,3.00,1.00,0.100,10000,223.74,Y->G->K->P->O,212.74,Y->G->J->O,1.0517
1677,227.46,3.00,1.00,0.100,10000,223.74,Y->G->K->P->O,212.74,Y->G->J->O,1.0517
1678,227.56,3.00,1.00,0.100,10000,223.74,Y->G->K->P->O,212.74,Y->G->J->O,1.0517
1679,227.68,3.00,1.00,0.100,10000,223.74,Y->G->K->P->O,212.74,Y->G->J->O,1.0517
1680,227.79,3.00,1.00,0.100,10000,223.74,Y->G->K->P->O,212.74,Y->G->J->O,1.0517
1681,227.88,3.00,1.00,0.100,10000,223.74,Y->G->K->P->O,212.74,Y->G->J->O,1.0517
1682,228.00,3.00,1.00,0.100,10000,223.74,Y->G->K->P->O,212.74,Y->G->J->O,1.0517
1683,228.10,3.00,1.00,0.100,10000,223.74,Y->G->K->P->O,212.74,Y->G->J->O,1.0517
1684,228.20,3.00,1.00,0.100,10000,223.74,Y->G->K->P->O,212.74,Y->G->J->O,1.0517
1685,228.32,3.00,1.00,0.100,10000,223.74,Y->G->K->P->O,212.74,Y->G->J->O,1.0517
1686,228.42,3.00,1.00,0.100,10000,223.74,Y->G->K->P->O,212.74,Y->G->J->O,1.0517
1687,228.52,3.00,1.00,0.100,10000,223.74,Y->G->K->P->O,212.74,Y->G->J->O,1.0517
1688,228.63,3.00,1.00,0.100,10000,223.74,Y->G->K->P->O,212.74,Y->G->J->O,1.0517
1689,228.73,3.00,1.00,0.100,10000,223.74,Y->G->K->P->O,212.74,Y->G->J->O,1.0517
1690,228.84,3.00,1.00,0.100,10000,223.74,Y->G->K->P->O,212.74,Y->G->J->O,1.0517
1691,228.93,3.00,1.00,0.100,10000,223.74,Y->G->K->P->O,212.74,Y->G->J->O,1.0517
1692,229.04,3.00,1.00,0.100,10000,223.74,Y->G->K->P->O,212.74,Y->G->J->O,1.0517
1693,229.13,3.00,1.00,0.100,10000,223.74,Y->G->K->P->O,212.74,Y->G->J->O,1.0517
1694,229.24,3.00,1.00,0.100,10000,223.74,Y->G->K->P->O,212.74,Y->G->J->O,1.0517
1695,229.34,3.00,1.00,0.100,10000,223.74,Y->G->K->P->O,212.74,Y->G->J->O,1.0517
1696,229.45,3.00,1.00,0.100,10000,223.74,Y->G->K->P->O,212.74,Y->G->J->O,1.0517
1697,229.56,3.00,1.00,0.100,10000,223.74,Y->G->K->P->O,212.74,Y->G->J->O,1.0517
1698,229.66,3.00,1.00,0.100,10000,223.74,Y->G->K->P->O,212.74,Y->G->J->O,1.0517
1699,229.76,3.00,1.00,0.100,10000,223.74,Y->G->K->P->O,212.74,Y->G->J->O,1.0517
1700,229.88,3.00,1.00,0.100,10000,223.74,Y->G->K->P->O,212.74,Y->G->J->O,1.0517
1701,229.97,3.00,1.00,0.100,10000,223.74,Y->G->K->P->O,212.74,Y->G->J->O,1.0517
1702,230.08,3.00,1.00,0.100,10000,223.74,Y->G->K->P->O,212.74,Y->G->J->O,1.0517
1703,230.18,3.00,1.00,0.100,10000,223.74,Y->G->K->P->O,212.74,Y->G->J->O,1.0517
1704,230.28,3.00,1.00,0.100,10000,223.74,Y->G->K->P->O,212.74,Y->G->J->O,1.0517
1705,230.38,3.00,1.00,0.100,10000,223.74,Y->G->K->P->O,212.74,Y->G->J->O,1.0517
1706,230.50,3.00,1.00,0.100,10000,223.74,Y->G->K->P->O,212.74,Y->G->J->O,1.0517
1707,230.61,3.00,1.00,0.100,10000,223.74,Y->G->K->P->O,212.74,Y->G->J->O,1.0517
1708,230.70,3.00,1.00,0.100,10000,223.74,Y->G->K->P->O,212.74,Y->G->J->O,1.0517
1709,230.81,3.00,1.00,0.100,10000,223.74,Y->G->K->P->O,212.74,Y->G->J->O,1.0517
1710,230.92,3.00,1.00,0.100,10000,223.74,Y->G->K->P->O,212.74,Y->G->J->O,1.0517
1711,231.02,3.00,1.00,0.100,10000,223.74,Y->G->K->P->O,212.74,Y->G->J->O,1.0517
1712,231.12,3.00,1.00,0.100,10000,223.74,Y->G->K->P->O,212.74,Y->G->J->O,1.0517
1713,231.22,3.00,1.00,0.100,10000,223.74,Y->G->K->P->O,212.74,Y->G->J->O,1.0517
1714,231.34,3.00,1.00,0.100,10000,223.74,Y->G->K->P->O,212.74,Y->G->J->O,1.0517
1715,231.44,3.00,1.00,0.100,10000,223.74,Y->G->K->P->O,212.74,Y->G->J->O,1.0517
1716,231.54,3.00,1.00,0.100,10000,223.74,Y->G->K->P->O,212.74,Y->G->J->O,1.0517
1717,231.66,3.00,1.00,0.100,10000,223.74,Y->G->K->P->O,212.74,Y->G->J->O,1.0517
1718,231.75,3.00,1.00,0.100,10000,223.74,Y->G->K->P->O,212.74,Y->G->J->O,1.0517
1719,231.86,3.00,1.00,0.100,10000,223.74,Y->G->K->P->O,212.74,Y->G->J->O,1.0517
1720,231.95,3.00,1.00,0.100,10000,223.74,Y->G->K->P->O,212.74,Y->G->J->O,1.0517
1721,232.06,3.00,1.00,0.100,10000,223.74,Y->G->K->P->O,212.74,Y->G->J->O,1.0517
1722,232.16,3.00,1.00,0.100,10000,223.74,Y->G->K->P->O,212.74,Y->G->J->O,1.0517
1723,232.27,3.00,1.00,0.100,10000,223.74,Y->G->K->P->O,212.74,Y->G->J->O,1.0517
1724,232.38,3.00,1.00,0.100,10000,223.74,Y->G->K->P->O,212.74,Y->G->J->O,1.0517
1725,232.47,3.00,1.00,0.100,10000,223.74,Y->G->K->P->O,212.74,Y->G->J->O,1.0517
1726,232.58,3.00,1.00,0.100,10000,223.74,Y->G->K->P->O,212.74,Y->G->J->O,1.0517
1727,232.70,3.00,1.00,0.100,10000,223.74,Y->G->K->P->O,212.74,Y->G->J->O,1.0517
1728,232.79,3.00,1.00,0.100,10000,223.74,Y->G->K->P->O,212.74,Y->G->J->O,1.0517
1729,232.90,3.00,1.00,0.100,10000,223.74,Y->G->K->P->O,212.74,Y->G->J->O,1.0517
1730,233.00,3.00,1.00,0.100,10000,223.74,Y->G->K->P->O,212.74,Y->G->J->O,1.0517
1731,233.10,3.00,1.00,0.100,10000,223.74,Y->G->K->P->O,212.74,Y->G->J->O,1.0517
1732,233.20,3.00,1.00,0.100,10000,223.74,Y->G->K->P->O,212.74,Y->G->J->O,1.0517
1733,233.31,3.00,1.00,0.100,10000,223.74,Y->G->K->P->O,212.74,Y->G->J->O,1.0517
1734,233.43,3.00,1.00,0.100,10000,223.74,Y->G->K->P->O,212.74,Y->G->J->O,1.0517
1735,233.52,3.00,1.00,0.100,10000,223.74,Y->G->K->P->O,212.74,Y->G->J->O,1.0517
1736,233.63,3.00,1.00,0.100,10000,223.74,Y->G->K->P->O,212.74,Y->G->J->O,1.0517
1737,233.74,3.00,1.00,0.100,10000,223.74,Y->G->K->P->O,212.74,Y->G->J->O,1.0517
1738,233.84,3.00,1.00,0.100,10000,223.74,Y->G->K->P->O,212.74,Y->G->J->O,1.0517
1739,233.94,3.00,1.00,0.100,10000,223.74,Y->G->K->P->O,212.74,Y->G->J->O,1.0517
1740,234.04,3.00,1.00,0.100,10000,223.74,Y->G->K->P->O,212.74,Y->G->J->O,1.0517
1741,234.15,3.00,1.00,0.100,10000,223.74,Y->G->K->P->O,212.74,Y->G->J->O,1.0517
1742,234.26,3.00,1.00,0.100,10000,223.74,Y->G->K->P->O,212.74,Y->G->J->O,1.0517
1743,234.36,3.00,1.00,0.100,10000,223.74,Y->G->K->P->O,212.74,Y->G->J->O,1.0517
1744,234.47,3.00,1.00,0.100,10000,223.74,Y->G->K->P->O,212.74,Y->G->J->O,1.0517
1745,234.57,3.00,1.00,0.100,10000,223.74,Y->G->K->P->O,212.74,Y->G->J->O,1.0517
1746,234.68,3.00,1.00,0.100,10000,223.74,Y->G->K->P->O,212.74,Y->G->J->O,1.0517
1747,234.77,3.00,1.00,0.100,10000,223.74,Y->G->K->P->O,212.74,Y->G->J->O,1.0517
1748,234.88,3.00,1.00,0.100,10000,223.74,Y->G->K->P->O,212.74,Y->G->J->O,1.0517
1749,234.97,3.00,1.00,0.100,10000,223.74,Y->G->K->P->O,212.74,Y->G->J->O,1.0517
1750,235.09,3.00,1.00,0.100,10000,223.74,Y->G->K->P->O,212.74,Y->G->J->O,1.0517
1751,235.20,3.00,1.00,0.100,10000,223.74,Y->G->K->P->O,212.74,Y->G->J->O,1.0517
1752,235.29,3.00,1.00,0.100,10000,223.74,Y->G->K->P->O,212.74,Y->G->J->O,1.0517
1753,235.40,3.00,1.00,0.100,10000,223.74,Y->G->K->P->O,212.74,Y->G->J->O,1.0517
1754,235.52,3.00,1.00,0.100,10000,223.74,Y->G->K->P->O,212.74,Y->G->J->O,1.0517
1755,235.61,3.00,1.00,0.100,10000,223.74,Y->G->K->P->O,212.74,Y->G->J->O,1.0517
1756,235.72,3.00,1.00,0.100,10000,223.74,Y->G->K->P->O,212.74,Y->G->J->O,1.0517
1757,235.81,3.00,1.00,0.100,10000,223.74,Y->G->K->P->O,212.74,Y->G->J->O,1.0517
1758,235.92,3.00,1.00,0.100,10000,223.74,Y->G->K->P->O,212.74,Y->G->J->O,1.0517
1759,236.02,3.00,1.00,0.100,10000,223.74,Y->G->K->P->O,212.74,Y->G->J->O,1.0517
1760,236.13,3.00,1.00,0.100,10000,223.74,Y->G->K->P->O,212.74,Y->G->J->O,1.0517
1761,236.25,3.00,1.00,0.100,10000,223.74,Y->G->K->P->O,212.74,Y->G->J->O,1.0517
1762,236.34,3.00,1.00,0.100,10000,223.74,Y->G->K->P->O,212.74,Y->G->J->O,1.0517
1763,236.45,3.00,1.00,0.100,10000,223.74,Y->G->K->P->O,212.74,Y->G->J->O,1.0517
1764,236.56,3.00,1.00,0.100,10000,223.74,Y->G->K->P->O,212.74,Y->G->J->O,1.0517
1765,236.65,3.00,1.00,0.100,10000,223.74,Y->G->K->P->O,212.74,Y->G->J->O,1.0517
1766,236.76,3.00,1.00,0.100,10000,223.74,Y->G->K->P->O,212.74,Y->G->J->O,1.0517
1767,236.86,3.00,1.00,0.100,10000,223.74,Y->G->K->P->O,212.74,Y->G->J->O,1.0517
1768,236.97,3.00,1.00,0.100,10000,223.74,Y->G->K->P->O,212.74,Y->G->J->O,1.0517
1769,237.08,3.00,1.00,0.100,10000,223.74,Y->G->K->P->O,212.74,Y->G->J->O,1.0517
1770,237.18,3.00,1.00,0.100,10000,223.74,Y->G->K->P->O,212.74,Y->G->J->O,1.0517
1771,237.29,3.00,1.00,0.100,10000,223.74,Y->G->K->P->O,212.74,Y->G->J->O,1.0517
1772,237.39,3.00,1.00,0.100,10000,223.74,Y->G->K->P->O,212.74,Y->G->J->O,1.0517
1773,237.49,3.00,1.00,0.100,10000,223.74,Y->G->K->P->O,212.74,Y->G->J->O,1.0517
1774,237.59,3.00,1.00,0.100,10000,223.74,Y->G->K->P->O,212.74,Y->G->J->O,1.0517
1775,237.70,3.00,1.00,0.100,10000,223.74,Y->G->K->P->O,212.74,Y->G->J->O,1.0517
1776,237.79,3.00,1.00,0.100,10000,223.74,Y->G->K->P->O,212.74,Y->G->J->O,1.0517
1777,237.91,3.00,1.00,0.100,10000,223.74,Y->G->K->P->O,212.74,Y->G->J->O,1.0517
1778,238.02,3.00,1.00,0.100,10000,223.74,Y->G->K->P->O,212.74,Y->G->J->O,1.0517
1779,238.11,3.00,1.00,0.100,10000,223.74,Y->G->K->P->O,212.74,Y->G->J->O,1.0517
1780,238.22,3.00,1.00,0.100,10000,223.74,Y->G->K->P->O,212.74,Y->G->J->O,1.0517
1781,238.34,3.00,1.00,0.100,10000,223.74,Y->G->K->P->O,212.74,Y->G->J->O,1.0517
1782,238.43,3.00,1.00,0.100,10000,223.74,Y->G->K->P->O,212.74,Y->G->J->O,1.0517
1783,238.63,3.00,1.00,0.100,10000,223.74,Y->G->K->P->O,212.74,Y->G->J->O,1.0517
1784,238.74,3.00,1.00,0.100,10000,223.74,Y->G->K->P->O,212.74,Y->G->J->O,1.0517
1785,238.84,3.00,1.00,0.100,10000,223.74,Y->G->K->P->O,212.74,Y->G->J->O,1.0517
1786,238.95,3.00,1.00,0.100,10000,223.74,Y->G->K->P->O,212.74,Y->G->J->O,1.0517
1787,239.08,3.00,1.00,0.100,10000,223.74,Y->G->K->P->O,212.74,Y->G->J->O,1.0517
1788,239.16,3.00,1.00,0.100,10000,223.74,Y->G->K->P->O,212.74,Y->G->J->O,1.0517
1789,239.28,3.00,1.00,0.100,10000,223.74,Y->G->K->P->O,212.74,Y->G->J->O,1.0517
1790,239.37,3.00,1.00,0.100,10000,223.74,Y->G->K->P->O,212.74,Y->G->J->O,1.0517
1791,239.48,3.00,1.00,0.100,10000,223.74,Y->G->K->P->O,212.74,Y->G->J->O,1.0517
1792,239.59,3.00,1.00,0.100,10000,223.74,Y->G->K->P->O,212.74,Y->G->J->O,1.0517
1793,239.69,3.00,1.00,0.100,10000,223.74,Y->G->K->P->O,212.74,Y->G->J->O,1.0517
1794,239.80,3.00,1.00,0.100,10000,223.74,Y->G->K->P->O,212.74,Y->G->J->O,1.0517
1795,239.88,3.00,1.00,0.100,10000,223.74,Y->G->K->P->O,212.74,Y->G->J->O,1.0517
1796,240.00,3.00,1.00,0.100,10000,223.74,Y->G->K->P->O,212.74,Y->G->J->O,1.0517
1797,240.11,3.00,1.00,0.100,10000,223.74,Y->G->K->P->O,212.74,Y->G->J->O,1.0517
1798,240.20,3.00,1.00,0.100,10000,223.74,Y->G->K->P->O,212.74,Y->G->J->O,1.0517
1799,240.32,3.00,1.00,0.100,10000,223.74,Y->G->K->P->O,212.74,Y->G->J->O,1.0517
1800,240.37,3.00,1.00,0.100,10000,479.39,Y->G->J->N->M->L->U->Q->R->O,212.74,Y->G->J->O,2.2534
1801,240.42,3.00,1.00,0.100,10000,223.74,Y->G->K->P->O,212.74,Y->G->J->O,1.0517
1802,240.52,3.00,1.00,0.100,10000,223.74,Y->G->K->P->O,212.74,Y->G->J->O,1.0517
1803,240.62,3.00,1.00,0.100,10000,223.74,Y->G->K->P->O,212.74,Y->G->J->O,1.0517
1804,240.72,3.00,1.00,0.100,10000,223.74,Y->G->K->P->O,212.74,Y->G->J->O,1.0517
1805,240.82,3.00,1.00,0.100,10000,223.74,Y->G->K->P->O,212.74,Y->G->J->O,1.0517
1806,240.94,3.00,1.00,0.100,10000,223.74,Y->G->K->P->O,212.74,Y->G->J->O,1.0517
1807,241.04,3.00,1.00,0.100,10000,223.74,Y->G->K->P->O,212.74,Y->G->J->O,1.0517
1808,241.14,3.00,1.00,0.100,10000,223.74,Y->G->K->P->O,212.74,Y->G->J->O,1.0517
1809,241.24,3.00,1.00,0.100,10000,223.74,Y->G->K->P->O,212.74,Y->G->J->O,1.0517
1810,241.36,3.00,1.00,0.100,10000,223.74,Y->G->K->P->O,212.74,Y->G->J->O,1.0517
1811,241.46,3.00,1.00,0.100,10000,223.74,Y->G->K->P->O,212.74,Y->G->J->O,1.0517
1812,241.56,3.00,1.00,0.100,10000,223.74,Y->G->K->P->O,212.74,Y->G->J->O,1.0517
1813,241.66,3.00,1.00,0.100,10000,223.74,Y->G->K->P->O,212.74,Y->G->J->O,1.0517
1814,241.77,3.00,1.00,0.100,10000,223.74,Y->G->K->P->O,212.74,Y->G->J->O,1.0517
1815,241.86,3.00,1.00,0.100,10000,223.74,Y->G->K->P->O,212.74,Y->G->J->O,1.0517
1816,241.98,3.00,1.00,0.100,10000,223.74,Y->G->K->P->O,212.74,Y->G->J->O,1.0517
1817,242.10,3.00,1.00,0.100,10000,223.74,Y->G->K->P->O,212.74,Y->G->J->O,1.0517
1818,242.18,3.00,1.00,0.100,10000,223.74,Y->G->K->P->O,212.74,Y->G->J->O,1.0517
1819,242.30,3.00,1.00,0.100,10000,223.74,Y->G->K->P->O,212.74,Y->G->J->O,1.0517
1820,242.40,3.00,1.00,0.100,10000,223.74,Y->G->K->P->O,212.74,Y->G->J->O,1.0517
1821,242.50,3.00,1.00,0.100,10000,223.74,Y->G->K->P->O,212.74,Y->G->J->O,1.0517
1822,242.61,3.00,1.00,0.100,10000,223.74,Y->G->K->P->O,212.74,Y->G->J->O,1.0517
1823,242.70,3.00,1.00,0.100,10000,223.74,Y->G->K->P->O,212.74,Y->G->J->O,1.0517
1824,242.82,3.00,1.00,0.100,10000,223.74,Y->G->K->P->O,212.74,Y->G->J->O,1.0517
1825,242.93,3.00,1.00,0.100,10000,223.74,Y->G->K->P->O,212.74,Y->G->J->O,1.0517
1826,243.02,3.00,1.00,0.100,10000,223.74,Y->G->K->P->O,212.74,Y->G->J->O,1.0517
1827,243.14,3.00,1.00,0.100,10000,223.74,Y->G->K->P->O,212.74,Y->G->J->O,1.0517
1828,243.24,3.00,1.00,0.100,10000,223.74,Y->G->K->P->O,212.74,Y->G->J->O,1.0517
1829,243.34,3.00,1.00,0.100,10000,223.74,Y->G->K->P->O,212.74,Y->G->J->O,1.0517
1830,243.44,3.00,1.00,0.100,10000,223.74,Y->G->K->P->O,212.74,Y->G->J->O,1.0517
1831,243.54,3.00,1.00,0.100,10000,223.74,Y->G->K->P->O,212.74,Y->G->J->O,1.0517
1832,243.64,3.00,1.00,0.100,10000,223.74,Y->G->K->P->O,212.74,Y->G->J->O,1.0517
1833,243.76,3.00,1.00,0.100,10000,223.74,Y->G->K->P->O,212.74,Y->G->J->O,1.0517
1834,243.86,3.00,1.00,0.100,10000,223.74,Y->G->K->P->O,212.74,Y->G->J->O,1.0517
1835,243.96,3.00,1.00,0.100,10000,223.74,Y->G->K->P->O,212.74,Y->G->J->O,1.0517
1836,244.06,3.00,1.00,0.100,10000,223.74,Y->G->K->P->O,212.74,Y->G->J->O,1.0517
1837,244.18,3.00,1.00,0.100,10000,223.74,Y->G->K->P->O,212.74,Y->G->J->O,1.0517
1838,244.28,3.00,1.00,0.100,10000,223.74,Y->G->K->P->O,212.74,Y->G->J->O,1.0517
1839,244.38,3.00,1.00,0.100,10000,223.74,Y->G->K->P->O,212.74,Y->G->J->O,1.0517
1840,244.48,3.00,1.00,0.100,10000,223.74,Y->G->K->P->O,212.74,Y->G->J->O,1.0517
1841,244.58,3.00,1.00,0.100,10000,223.74,Y->G->K->P->O,212.74,Y->G->J->O,1.0517
1842,244.68,3.00,1.00,0.100,10000,223.74,Y->G->K->P->O,212.74,Y->G->J->O,1.0517
1843,244.80,3.00,1.00,0.100,10000,223.74,Y->G->K->P->O,212.74,Y->G->J->O,1.0517
1844,244.92,3.00,1.00,0.100,10000,223.74,Y->G->K->P->O,212.74,Y->G->J->O,1.0517
1845,245.00,3.00,1.00,0.100,10000,223.74,Y->G->K->P->O,212.74,Y->G->J->O,1.0517
1846,245.12,3.00,1.00,0.100,10000,223.74,Y->G->K->P->O,212.74,Y->G->J->O,1.0517
1847,245.22,3.00,1.00,0.100,10000,223.74,Y->G->K->P->O,212.74,Y->G->J->O,1.0517
1848,245.32,3.00,1.00,0.100,10000,223.74,Y->G->K->P->O,212.74,Y->G->J->O,1.0517
1849,245.43,3.00,1.00,0.100,10000,223.74,Y->G->K->P->O,212.74,Y->G->J->O,1.0517
1850,245.52,3.00,1.00,0.100,10000,223.74,Y->G->K->P->O,212.74,Y->G->J->O,1.0517
1851,245.64,3.00,1.00,0.100,10000,223.74,Y->G->K->P->O,212.74,Y->G->J->O,1.0517
1852,245.74,3.00,1.00,0.100,10000,223.74,Y->G->K->P->O,212.74,Y->G->J->O,1.0517
